apartmentId,rentalCost,maxOccupancy ,numberOfRooms,location,buildingId
1,768.16,2,4,POINT (1077.6979444315298 648.4427163702453),340
2,1014.55,2,1,POINT (-185.9292838076562 1520.3270983045118),752
3,1057.39,4,3,POINT (2123.0141855392585 5126.753457243003),639
4,1259.1,4,3,POINT (2103.6301776944765 4266.932930123476),397
5,411.5,1,4,POINT (7.0589743819342985 79.96163671849988),628
6,859.58,3,2,POINT (2250.85490611142 5251.3368306902885),533
7,982.11,3,4,POINT (486.8811262316384 2251.1260599901484),61
8,980.05,4,1,POINT (1233.4547558395932 1768.6111384755895),360
9,433.45,1,3,POINT (1274.2715913565519 1163.5051209752276),251
10,1104.33,3,4,POINT (-1697.0303105735857 1239.0301787057274),512
11,960.16,3,2,POINT (-341.9635948004018 1222.5966329871515),922
12,509.34,1,4,POINT (359.2567913319125 4138.105315267985),481
13,601.7,1,3,POINT (733.3292645996678 2093.8026404265943),760
14,758.99,3,2,POINT (2119.566426939381 5333.491746286379),646
15,1195.4,4,1,POINT (605.0252121382855 3081.898073815166),471
16,681.2,2,2,POINT (2211.1188040814286 5227.989103585554),533
17,698.59,2,3,POINT (2123.9062678259706 5021.749305819725),496
18,419.73,1,1,POINT (-733.4490637682554 1291.7750705612282),13
19,829.03,2,3,POINT (2231.8918158524557 4564.949488328515),200
20,1263.76,3,1,POINT (1294.8797998333248 4462.162809061927),33
21,857.75,3,1,POINT (2418.913601700183 4154.232521120825),94
22,696.8,3,3,POINT (-1396.3194484189332 2171.962600676111),809
23,794.25,2,4,POINT (-517.6567145846232 1675.8122265571778),212
24,611.76,1,3,POINT (607.6839706255785 2383.4941895708853),732
25,836.57,4,4,POINT (1784.5159809592985 3423.2709297455353),988
26,740.7,3,1,POINT (-1664.7143233539068 2058.9072198973454),826
27,1486.29,4,3,POINT (1572.5031676987496 4457.745004135188),145
28,709.61,3,2,POINT (1910.8047260903031 5326.192433295153),846
29,1097.73,4,1,POINT (1393.2352000452847 4920.767701988318),799
30,1135.74,3,4,POINT (573.0109209108848 1804.63524963616),834
31,749.32,2,2,POINT (-1406.9743418343592 896.4515376327631),363
32,872.66,4,4,POINT (1712.5031078849681 3255.0069762044836),138
33,698.63,3,1,POINT (1749.5557672904667 5245.7527151363665),469
34,1280.33,4,2,POINT (-1671.4929244370555 1509.7334090966851),992
35,1029.66,3,2,POINT (2050.180926104707 4335.0803589938605),921
36,1023.42,4,3,POINT (-513.818647913508 1863.5504336857932),43
37,496.54,1,1,POINT (-1234.6215038137211 1534.718942726612),903
38,839.46,3,4,POINT (1417.1760566368287 3332.468498865699),934
39,749.32,2,4,POINT (1068.300420731133 1266.8599518512474),144
40,888.46,2,4,POINT (503.21286336357514 2535.9764324651596),730
41,790.08,3,1,POINT (-1934.0445115651764 783.8901202563607),233
42,794.25,2,4,POINT (-584.6593803564347 1653.1374091367215),212
43,883.35,3,1,POINT (1060.9527895805502 488.26891188396814),796
44,1068.07,3,4,POINT (2253.3211062717032 4060.9279154409005),377
45,844.17,3,1,POINT (1267.2074937243829 1344.2032459918782),926
46,818.89,2,1,POINT (332.4271144442423 799.1239162888926),553
47,628.22,1,2,POINT (2115.8452080908246 4063.6161001643227),980
48,496.54,1,4,POINT (-1234.6215038137211 1448.7869027369825),903
49,428.87,1,1,POINT (2408.901432879168 4047.7974224702016),97
50,1302.17,3,3,POINT (1384.3957768227 3624.778668987212),134
51,455.39,1,2,POINT (2114.934830274308 5099.799243827387),639
52,751.67,3,2,POINT (-1844.8861722131728 1645.3299966099307),281
53,817.46,4,2,POINT (-2025.813803104962 1958.7809422263379),217
54,749.32,2,1,POINT (1175.0720102138607 1558.1560150626235),756
55,502.03,1,4,POINT (2153.389571449563 4760.551377277387),309
56,808.97,4,3,POINT (1810.3718590599055 5143.560776617284),764
57,914.44,3,1,POINT (-519.7323384216126 1799.7941060348785),955
58,665.25,2,3,POINT (-1473.1756324816884 954.9226790202229),188
59,379.49,1,1,POINT (2259.3425408722505 5333.491746286379),646
60,492.88,1,3,POINT (-1378.1087734767887 1346.2496064140034),579
61,1125.81,4,3,POINT (1043.4969169856518 1456.3078648565347),919
62,794.25,2,3,POINT (-450.65404881281165 1698.4870439776341),212
63,1140.2,4,4,POINT (501.0400177552985 2280.4328579134835),61
64,1104.33,3,2,POINT (663.3720396817216 3786.540333108135),1021
65,1020.52,3,2,POINT (2229.2515086489993 4472.603755319368),750
66,1135.74,3,3,POINT (1603.441866432816 4025.5633312874506),854
67,834.83,2,1,POINT (-1612.0532361578762 1166.4467472312872),461
68,1097.73,4,2,POINT (-462.1930332241808 1227.9869499730305),167
69,514.83,1,1,POINT (2050.180926104707 4374.926623500649),921
70,422.08,1,4,POINT (820.2880333847281 335.2976113816195),245
71,560.55,1,1,POINT (591.1622082693203 626.2207921626187),477
72,395.04,1,3,POINT (-726.5390497675858 1381.9337094162383),400
73,702.29,3,3,POINT (-1340.7911019175422 2119.6917523263082),122
74,846.42,2,3,POINT (2233.214439882725 4053.359048843635),377
75,1562.73,4,1,POINT (588.1769004542509 1516.0341391439815),699
76,702.29,3,1,POINT (-1328.614452264042 2167.516377015989),122
77,1090.02,3,2,POINT (47.52110619662399 947.513748612111),656
78,1246.43,4,4,POINT (1148.2831748145966 1631.175142849736),839
79,945.53,3,2,POINT (-522.4167300912522 1601.4949940725462),119
80,550.49,1,3,POINT (589.7126864665483 3461.117029912494),763
81,940.61,4,2,POINT (618.624018010996 419.60786747728764),564
82,1146.71,3,1,POINT (45.01782408669524 1116.5915531251405),319
83,480.08,1,3,POINT (223.3754341990981 1819.3960275496556),786
84,376.75,1,4,POINT (2466.0788073692256 5201.152719159174),608
85,1152.94,4,2,POINT (-1608.0622168774594 1658.4315678191297),153
86,482.83,1,1,POINT (-1678.956089260646 1142.0070197576047),515
87,1223,4,2,POINT (-1350.7863871473114 1237.862916004378),359
88,1014.55,2,4,POINT (1621.7516640707404 4457.745004135188),145
89,940.61,4,4,POINT (608.9711401040506 396.19646966521736),564
90,668.15,2,4,POINT (1352.5746952525114 3257.1881835177824),189
91,560.9,2,4,POINT (1816.3549639769624 5215.958137993539),571
92,668.99,2,3,POINT (-1585.4991059842016 1889.1871542928043),380
93,726.13,2,4,POINT (-365.12598626158865 1859.8642843940092),1027
94,420.64,1,3,POINT (-1692.8163360659346 1826.6295508653525),20
95,429.79,1,3,POINT (2211.1188040814286 5274.6845577950235),533
96,589.82,1,2,POINT (594.2562157427926 2198.5412944922555),895
97,1013.2,3,3,POINT (-1025.4630206407976 1571.1658211045055),961
98,1195.4,4,2,POINT (669.5108365380436 3276.917186613041),473
99,1144.44,4,1,POINT (-1455.4117812433362 1364.9315243240492),579
100,472.77,1,3,POINT (-657.4419276597039 1584.005409368071),530
101,562.35,2,3,POINT (1831.08936976338 5326.192433295153),846
102,472.77,1,4,POINT (1094.3987421029851 1284.2536210770436),144
103,1135.74,3,1,POINT (563.1093835724151 1776.051722536382),834
104,778.3,2,2,POINT (472.7222347079784 2221.8192620668133),61
105,778.3,2,1,POINT (110.29459020492618 509.20279882430367),152
106,720.58,3,3,POINT (2015.6012258387632 4877.664215132254),819
107,955.13,2,2,POINT (212.2553022725848 1303.9692542544997),381
108,839.46,3,2,POINT (1404.7963985230203 3346.4336047045435),934
109,701.49,2,1,POINT (-1459.3383959982882 876.0742311345832),334
110,1140.2,4,3,POINT (117.85379974017562 528.5651695902775),152
111,642.06,2,2,POINT (-1851.7810522771383 1845.2751568334254),239
112,1135.74,3,4,POINT (567.7208874125674 1914.3615429683741),301
113,960.16,3,1,POINT (-316.8237844549418 1215.0646778381442),922
114,879.76,2,3,POINT (-1118.9183898362523 1453.507684726088),353
115,665.25,2,3,POINT (1217.5077506817527 3514.1697849435245),968
116,1165.67,4,1,POINT (2153.389571449563 4536.66614032769),309
117,1042.53,4,2,POINT (1207.263972928359 1145.3561946361715),385
118,1420.47,4,3,POINT (360.7802421089881 4325.788999000322),1038
119,982.11,3,3,POINT (486.8811262316384 2251.1260599901484),61
120,1144.44,4,1,POINT (-1613.469903775158 895.8227278349611),979
121,724.24,3,1,POINT (-1423.5831222046177 1973.3137542599502),117
122,724.24,3,2,POINT (-1436.7396484852209 1991.45221093596),117
123,480.08,1,2,POINT (793.7649969278708 423.85360504497305),368
124,794.25,2,1,POINT (210.1736674123727 875.8050257714918),90
125,405.1,1,1,POINT (2423.1213407945315 4360.755472811068),328
126,452.65,1,1,POINT (1250.1855937282915 4900.7977692411405),384
127,386.81,1,4,POINT (2219.8260684160687 4760.894146360397),327
128,611.76,1,3,POINT (594.1753774303138 2403.8281021650228),732
129,1100.99,3,3,POINT (443.80939818041793 867.2659026336462),383
130,1057.39,4,1,POINT (938.4013345840708 2602.3680896152773),993
131,883.35,3,3,POINT (1077.1966163721875 438.75125116862),796
132,794.25,2,4,POINT (1407.6656151449383 3490.8932244227935),602
133,1458.69,4,1,POINT (2173.452436668227 4063.6161001643227),980
134,707.78,3,4,POINT (1999.4807201499916 5322.478792532552),237
135,1458.69,4,1,POINT (579.159003004695 1695.6403485424544),432
136,1002.23,3,3,POINT (1488.4782480253098 3490.8932244227935),602
137,1106.22,4,3,POINT (1366.2417429682478 4715.042752897177),569
138,974.58,4,2,POINT (1417.1760566368287 3332.468498865699),934
139,778.3,2,3,POINT (110.29459020492618 509.20279882430367),152
140,974.58,4,2,POINT (-743.2711419765976 1202.2448903827144),731
141,1301.56,4,2,POINT (585.7918117851856 3538.798388512636),931
142,821.71,4,4,POINT (2019.6978881201785 5313.8750965461),237
143,1161.34,3,4,POINT (570.1800581413731 2009.2256702162454),497
144,433.45,1,3,POINT (1243.5288423672143 1540.866730285462),199
145,1031.49,3,2,POINT (2034.7732177424082 4443.291111659446),18
146,842.94,4,1,POINT (2424.172931701708 5455.838130825372),141
147,1121.11,3,2,POINT (588.4497540905923 3728.438009394122),440
148,742.53,3,3,POINT (1714.3338865616502 3405.8116548795947),860
149,982.11,3,4,POINT (117.85379974017562 528.5651695902775),152
150,1046.12,3,4,POINT (602.8715954619006 3273.1076841633053),538
151,554.01,1,1,POINT (1814.1135831871466 4467.798948828751),427
152,885.67,3,2,POINT (-1598.21244043112 1727.7262699483656),927
153,351.15,1,2,POINT (-1352.9677515710423 2071.8671276366276),122
154,839.46,3,2,POINT (2191.451754179263 4945.821523930677),907
155,419.73,1,1,POINT (-1482.9006353258396 978.7361235112637),188
156,422.08,1,3,POINT (-1504.9375535551637 1889.1871542928043),380
157,897.98,3,1,POINT (108.81990914067616 419.4665645079349),902
158,844.17,3,1,POINT (1257.621374760071 1325.0110749437667),926
159,1375.32,3,2,POINT (529.0336503746969 4425.668816338874),975
160,482.83,1,2,POINT (-1678.956089260646 1058.0054823141882),515
161,366.69,1,2,POINT (1780.2174866687778 3286.2648681083224),495
162,872.66,4,4,POINT (611.4908765632159 219.48815777815366),801
163,899.81,3,3,POINT (-1769.0439621721453 882.4962734528258),405
164,851.43,4,2,POINT (1789.4153053376972 3327.219248047262),495
165,951.22,4,1,POINT (54.252261391318044 22.160978120468585),958
166,810.2,3,1,POINT (618.624018010996 419.60786747728764),564
167,560.55,1,3,POINT (626.6940506272085 626.2207921626187),477
168,749.32,2,4,POINT (-456.33824767475664 1395.2821634910958),685
169,688.44,2,4,POINT (1409.3995291046801 3410.1712682211246),83
170,1458.69,4,2,POINT (2115.8452080908246 4022.553466142911),980
171,768.16,2,4,POINT (1066.5144835227188 676.0876893531632),340
172,974.58,4,1,POINT (-742.7834309303769 1310.2690344011835),13
173,1318.55,4,3,POINT (575.2723656452083 1934.9819067615026),301
174,773.62,3,3,POINT (1489.1363131755288 3323.1177012933736),542
175,441.68,1,4,POINT (1044.708962788913 438.75125116862),796
176,811.09,4,4,POINT (1749.5557672904667 5173.115168698089),469
177,366.69,1,3,POINT (1771.0196679998585 3327.219248047262),495
178,811.09,4,4,POINT (1749.5557672904667 5318.390261574644),469
179,1042.53,4,3,POINT (1162.7744869257785 1181.2384378527659),385
180,1014.55,2,2,POINT (-185.9292838076562 1611.8386125804955),752
181,673.03,1,2,POINT (588.1769004542509 1477.886760892753),699
182,1426.84,4,1,POINT (211.3696559795059 1211.4952428425088),878
183,581.19,2,3,POINT (1789.4153053376972 3245.3104881693826),495
184,760.91,2,2,POINT (810.2347020030995 406.6006228343067),368
185,751.67,3,4,POINT (1186.9602009739194 3164.371227730754),111
186,567.87,1,2,POINT (1585.0218870416406 4034.334999464847),854
187,720.58,3,4,POINT (1792.288740518518 3445.633257478743),988
188,749.32,2,4,POINT (1259.7550319545578 4768.65403499302),741
189,363.03,1,2,POINT (2424.172931701708 5373.974229311336),141
190,1174.17,4,3,POINT (-1021.5011386286116 1340.518679223127),952
191,742.53,3,4,POINT (1714.3338865616502 3363.864233591916),860
192,1075.42,2,1,POINT (537.5487781075327 4325.595357065675),361
193,775.45,3,4,POINT (2488.0670182344566 4043.9132725302534),813
194,1556.36,4,2,POINT (975.8759448586605 4561.888356150041),906
195,523.06,1,1,POINT (615.3098822064323 3201.003200456854),538
196,1556.36,4,4,POINT (1024.2373011492627 4571.087727993299),906
197,917.25,4,1,POINT (-1924.0150288435416 806.806476956023),233
198,801.49,2,2,POINT (429.89792875971733 2384.9383099256006),831
199,534.03,1,1,POINT (2253.3211062717032 4060.9279154409005),377
200,898.14,4,1,POINT (1507.010846989271 3315.30261659745),542
201,866.89,3,4,POINT (2243.65076387146 5111.970793148292),817
202,1066.73,2,1,POINT (504.51046378057964 1477.886760892753),699
203,421.56,1,1,POINT (1309.4859527614321 3221.877213215748),189
204,1144.44,4,1,POINT (-1300.805765710241 1364.9315243240492),579
205,976.62,3,1,POINT (978.0246375468089 519.2987394027598),73
206,726.13,2,4,POINT (-322.33161360663064 1859.8642843940092),1027
207,1163.55,4,3,POINT (228.4292416265319 867.1341662098823),90
208,1121.11,3,1,POINT (626.6940506272085 683.4894163258487),477
209,1001.51,2,2,POINT (1313.929347588717 4437.056256727496),33
210,1340.57,3,4,POINT (927.5145885680583 4571.087727993299),906
211,1114.72,4,1,POINT (-341.9635948004018 1222.5966329871515),922
212,1057.1,3,2,POINT (760.1396513161246 552.1833031600662),889
213,360.29,1,4,POINT (-1938.2472218346602 1979.5064750943288),444
214,396.87,1,2,POINT (-1776.287643757848 1691.4138204277806),14
215,626.12,2,2,POINT (1491.7960329571924 3427.9695688061133),463
216,372.18,1,2,POINT (1237.672759957125 509.5167099593709),1010
217,859.92,4,2,POINT (-1814.2799437817475 2058.9072198973454),826
218,1046.12,3,4,POINT (670.1689976887128 2914.164152928107),574
219,778.3,2,1,POINT (501.0400177552985 2280.4328579134835),61
220,497.46,1,3,POINT (-1463.3223401542623 1434.06326575734),904
221,815.34,4,2,POINT (-1328.614452264042 2191.428689360829),122
222,997.94,4,4,POINT (2290.5910081414113 5274.6845577950235),533
223,480.08,1,3,POINT (-316.8237844549418 1215.0646778381442),922
224,1146.57,4,4,POINT (-1523.8706632785425 1169.004024369608),792
225,899.81,3,1,POINT (-1702.6309524777125 953.9051307338227),405
226,865.27,2,4,POINT (-1569.325067975467 1491.8920035166705),772
227,1031.49,3,4,POINT (2019.394740906645 4428.250569679832),18
228,551.41,1,3,POINT (-1671.4929244370555 1366.9473948050827),992
229,724.24,3,1,POINT (-1423.5831222046177 1973.3137542599502),117
230,486.97,1,3,POINT (-844.9094888728669 1637.234473188592),65
231,801.49,2,2,POINT (1304.8852088806348 3526.737489827947),5
232,1029.66,3,2,POINT (660.5655256890598 3301.571172472214),473
233,501.11,1,2,POINT (-417.1527159269059 1687.149635267406),212
234,1278.21,4,3,POINT (581.2159665156607 3478.279908695121),763
235,452.65,1,3,POINT (1209.9860453247898 4886.716681195225),384
236,802.94,2,2,POINT (-1025.4630206407976 1458.3944579281979),961
237,545.92,1,4,POINT (-1608.6585234461477 1544.2289560257962),772
238,969.31,3,1,POINT (1066.5144835227188 620.7977433873273),340
239,542.26,1,3,POINT (2103.6301776944765 4230.016526529294),397
240,821.17,3,3,POINT (-799.3152793914082 1344.339855881131),443
241,781.2,2,2,POINT (-1613.469903775158 1032.3722168864751),979
242,885.67,3,3,POINT (-1598.21244043112 1771.5831927984939),927
243,600.03,2,2,POINT (-1511.4440690712386 1994.4821122365117),147
244,851.43,4,1,POINT (1780.2174866687778 3286.2648681083224),495
245,665.25,2,2,POINT (1404.7963985230203 3346.4336047045435),934
246,920.34,2,1,POINT (578.7032533807514 1987.7204876127382),497
247,1031.49,3,4,POINT (2050.1516945781714 4458.331653639059),18
248,1140.2,4,3,POINT (-1347.6258132253356 1515.3839316514275),296
249,866.89,3,4,POINT (1266.6164230551626 1145.204402276759),251
250,419.73,1,4,POINT (2191.451754179263 5018.857189580738),907
251,888.46,2,2,POINT (-1128.5198493848643 1362.9924197614246),722
252,1130.71,4,1,POINT (-752.3428065881178 1648.402113854796),65
253,1014.55,2,1,POINT (-251.00900331016118 1611.8386125804955),752
254,484.86,1,2,POINT (891.3763498946672 447.53857647321206),706
255,1100.99,3,3,POINT (397.426808801943 867.2659026336462),383
256,419.73,1,1,POINT (2179.5103652880916 5037.116105993253),907
257,1121.11,3,3,POINT (593.9684897030291 3555.941753443666),931
258,1097.73,4,4,POINT (-616.6770085965111 1594.7357685416468),530
259,496.54,1,4,POINT (-1608.0622168774594 1614.4266654822773),153
260,859.92,4,1,POINT (-1775.4878069843899 1991.4834388940735),726
261,1475.67,4,3,POINT (1314.7768850305797 3620.3684115523793),825
262,1296.68,3,1,POINT (415.48761828278106 1115.3172438532276),920
263,1223.52,3,3,POINT (607.6839706255785 2383.4941895708853),732
264,872.66,4,1,POINT (1194.7916818961926 3181.0148693811975),111
265,1061.63,4,4,POINT (-418.9564517321169 1758.1706991335109),955
266,687,2,2,POINT (1274.2715913565519 1163.5051209752276),251
267,974.58,4,3,POINT (-1382.1043223748356 743.9345186373619),31
268,1290.95,4,1,POINT (850.9574086839068 622.4197746424134),265
269,1174.17,4,1,POINT (444.6663981743767 2473.86278175169),831
270,1144.44,4,3,POINT (-1626.6176882627205 861.6853555720826),979
271,940.61,4,2,POINT (608.9711401040506 396.19646966521736),564
272,360.29,1,3,POINT (1784.5159809592985 3423.2709297455353),988
273,586.99,2,1,POINT (-1702.1057284608669 2048.2715608575318),826
274,1313.14,3,4,POINT (402.58730016795977 1277.5668911760006),597
275,455.39,1,1,POINT (930.4769772794355 2579.157628965904),993
276,571.05,2,4,POINT (1792.288740518518 3445.633257478743),988
277,790.08,3,1,POINT (1471.614073384596 3419.399761740284),463
278,472.77,1,3,POINT (-113.03991250386886 1301.5097261478595),845
279,665.25,2,2,POINT (2179.5103652880916 4964.080440343192),907
280,573.36,1,2,POINT (53.139653304594646 1093.9774101968076),319
281,900.05,2,2,POINT (1603.441866432816 4025.5633312874506),854
282,781.2,2,2,POINT (-1626.6176882627205 998.2348446235967),979
283,1313.14,3,3,POINT (418.37124612067504 1258.1987231213232),597
284,829.03,2,2,POINT (678.0809284400252 2936.8175399850243),574
285,969.72,3,1,POINT (967.3518356348546 407.9373383298725),706
286,635.54,1,3,POINT (1273.5650927422346 3620.3684115523793),825
287,1420.47,4,4,POINT (378.0383448842405 4256.794454931614),1038
288,715.98,2,1,POINT (-1628.8496403161969 797.2604866084483),195
289,751.67,3,4,POINT (1671.2103741323417 3222.1061909778978),138
290,534.03,1,4,POINT (-1287.3106969544465 1243.525072592241),999
291,556.55,2,3,POINT (-1352.9677515710423 2095.779439981468),122
292,974.58,4,3,POINT (-1481.3778050243195 1057.4434805077979),207
293,1125.33,4,3,POINT (1985.9122139703982 4267.187714177428),603
294,1053.44,3,2,POINT (146.6881939034078 871.1354577804497),298
295,953.35,4,1,POINT (-784.3330954956155 1386.6747990291974),443
296,375.84,1,2,POINT (1186.9602009739194 3164.371227730754),111
297,749.32,2,3,POINT (-493.7268707520858 1395.2821634910958),685
298,715.09,3,4,POINT (-1950.1123675186413 2081.396323862277),697
299,1318.55,4,1,POINT (1585.0218870416406 4034.334999464847),854
300,945.53,3,3,POINT (1042.202099359281 1249.4662826254512),144
301,573.95,2,3,POINT (-1435.4128878299682 2057.4318747557327),1013
302,995.81,4,2,POINT (2404.627242815819 4176.734809008961),94
303,526.72,1,1,POINT (827.2578682450712 2504.344795859811),625
304,901.64,3,3,POINT (-929.4028976848099 1195.4647478482643),956
305,1140.2,4,1,POINT (-1314.7371664180082 1533.975181433132),296
306,898.14,4,4,POINT (2066.7737105199117 4943.225138225304),840
307,850.82,2,3,POINT (860.9945667525155 1631.175142849736),839
308,348.4,1,1,POINT (1801.8258558068285 5166.503222823775),764
309,573.95,2,4,POINT (-1530.7039862202507 2057.4318747557327),1013
310,1053.44,3,2,POINT (-1404.6528240634896 1237.862916004378),359
311,1042.53,4,3,POINT (2219.5243395151356 4681.012973062729),462
312,749.32,2,3,POINT (-698.2068467228966 1573.275050194495),530
313,920.34,2,3,POINT (570.1800581413731 2009.2256702162454),497
314,419.73,1,2,POINT (-1473.1756324816884 954.9226790202229),188
315,993.08,3,2,POINT (-1353.5143555573688 1448.7869027369825),903
316,857.75,3,3,POINT (2433.1999605845467 4131.73023323269),94
317,888.46,2,2,POINT (635.5770112166806 669.1722602850411),477
318,1121.09,4,3,POINT (-1716.8491458520348 1058.0054823141882),515
319,940.61,4,3,POINT (2415.5735727745396 4380.230108239373),328
320,698.59,2,3,POINT (-486.82641406796574 1855.0243750092998),43
321,1179.63,3,1,POINT (611.3346599759675 2266.011783648469),895
322,846.42,2,4,POINT (2233.214439882725 4053.359048843635),377
323,888.46,2,4,POINT (596.9577270734897 3757.22103720393),440
324,1140.2,4,1,POINT (110.29459020492618 509.20279882430367),152
325,914.44,3,2,POINT (1250.452126424467 4840.237968877947),519
326,813.85,3,3,POINT (1236.8571929820146 3223.993525125278),24
327,406.93,1,3,POINT (1236.8571929820146 3263.0399509679964),24
328,605.36,1,1,POINT (702.7985195447246 770.6023644066158),698
329,839.46,3,2,POINT (-1372.0698972718264 721.8870614993035),31
330,985.77,3,1,POINT (-1494.06328512661 1355.5905653690263),579
331,406.93,1,1,POINT (1194.0937142886232 3263.0399509679964),24
332,864.17,4,2,POINT (1224.5522042797265 446.99105466749427),1010
333,859.47,2,3,POINT (2149.658693190787 4230.016526529294),397
334,823,3,2,POINT (-12.938059864070794 46.52518871810904),628
335,1023.42,4,3,POINT (1239.2378971245196 1656.3229378610915),681
336,900.05,2,1,POINT (567.7208874125674 1914.3615429683741),301
337,857.75,3,1,POINT (2423.102047054637 4028.0627609900757),97
338,1239.99,4,3,POINT (-1239.4735247390663 1243.525072592241),999
339,491.06,1,1,POINT (117.85379974017562 528.5651695902775),152
340,1023.42,4,3,POINT (2335.7599633676155 4060.793776557666),133
341,433.45,1,3,POINT (1251.8007432813702 1567.863619897268),199
342,1029.66,3,2,POINT (2133.1909948320235 4335.0803589938605),921
343,960.16,3,2,POINT (-792.7604593243414 1573.503621101712),374
344,615.98,2,4,POINT (2217.5168940808653 4848.952197366105),520
345,516.66,1,1,POINT (141.3756574117688 799.1239162888926),553
346,567.87,1,2,POINT (582.9124582493545 1776.051722536382),834
347,472.77,1,3,POINT (-432.80449585378426 1237.8611751650446),167
348,978.83,4,1,POINT (1309.4859527614321 3257.1881835177824),189
349,715.09,3,1,POINT (-1354.973768504102 1981.2146090058627),266
350,484.65,1,3,POINT (1077.6979444315298 648.4427163702453),340
351,815.99,2,4,POINT (669.5108365380436 3276.917186613041),473
352,696.8,3,1,POINT (-1406.4414272258414 2146.9787804386006),809
353,969.72,3,1,POINT (891.3763498946672 407.9373383298725),706
354,480.08,1,2,POINT (-341.9635948004018 1222.5966329871515),922
355,558,2,2,POINT (-2025.813803104962 2039.3990990051875),217
356,945.53,3,3,POINT (1420.1639208310576 4930.580077677792),799
357,1596.7,4,1,POINT (514.6516825213868 4443.564636872896),975
358,973.97,2,1,POINT (191.46459904909923 1226.126932955182),878
359,1140.2,4,1,POINT (-1314.7371664180082 1496.7926818697229),296
360,859.92,4,1,POINT (-1851.6713488887076 2048.2715608575318),826
361,866.89,3,4,POINT (1235.2569414530585 1513.8698406736557),199
362,631.88,1,3,POINT (1275.8302520779328 4437.056256727496),33
363,859.92,4,3,POINT (-1775.4878069843899 1991.4834388940735),726
364,864.17,4,4,POINT (1250.7933156345234 572.0423652512476),1010
365,698.59,2,1,POINT (967.0498054893425 343.3889251176581),1039
366,787,2,1,POINT (938.0734960743036 2479.2746287383034),798
367,720.58,3,2,POINT (2035.1726279289167 4888.173729217788),819
368,744.36,3,3,POINT (1224.5522042797265 540.7795376053093),1010
369,1066.73,2,2,POINT (504.51046378057964 1516.0341391439815),699
370,793.74,3,1,POINT (1562.957383872136 3260.773730909349),682
371,586.99,2,2,POINT (-1627.3229182469468 2048.2715608575318),826
372,829.03,2,3,POINT (607.4422584943111 2897.2122199187506),771
373,829.03,2,4,POINT (2222.694117829342 4594.880339745687),200
374,859.92,4,2,POINT (-1775.4878069843899 1991.4834388940735),726
375,1008.55,4,1,POINT (1394.7568559247914 3429.6250634368434),83
376,872.51,2,1,POINT (589.7126864665483 3461.117029912494),763
377,422.08,1,2,POINT (690.5162379978467 335.2976113816195),245
378,1097.73,4,1,POINT (1300.191531615812 4736.919919969827),741
451,427.93,1,2,POINT (-2523.1520452086224 3056.814237716957),22
452,370.98,1,2,POINT (-2477.8425329732463 2500.334944268336),777
453,388.88,1,4,POINT (-1308.782036561594 3296.1784824962406),1025
454,742.72,2,4,POINT (-1125.4321453611485 4009.136028156402),293
455,925.62,4,1,POINT (-1333.0886323717586 2688.886124497062),661
456,381.91,1,2,POINT (-2375.9834059072964 2529.9591391952954),959
457,760.78,2,1,POINT (-2361.3242679569444 4522.880476844184),776
458,409.92,1,4,POINT (-2466.012856848194 2592.227771800973),824
459,773.67,2,3,POINT (-2104.405193411366 3667.258808232208),851
460,465.35,1,2,POINT (-2464.4070029457907 3264.934956124254),885
461,784.27,3,4,POINT (-1359.3835055266122 2567.8791799505025),669
462,885.15,3,3,POINT (-2458.924169428822 2678.418056018557),478
463,887.14,2,2,POINT (-1319.5426563934784 3722.2274220634836),30
464,830.41,2,2,POINT (-1698.0079892149288 3783.0793495919233),965
465,465.35,1,2,POINT (-2356.219940220357 4905.065772221811),498
466,999.36,3,2,POINT (-1268.0777579992553 3893.435107644778),640
467,1080.51,4,2,POINT (-2356.219940220357 4807.871563114835),498
468,709.42,3,2,POINT (-1226.0335983358684 2995.2562131754303),754
469,1159.85,4,2,POINT (-2282.052015704645 4954.366604089821),483
470,416.54,1,2,POINT (-2194.538213274417 2838.0164709864057),131
471,872.13,3,4,POINT (-2492.5233206370804 4559.8020845243145),274
472,1178.37,4,3,POINT (-1159.7579481414848 3725.721049240871),534
473,1144.74,4,3,POINT (-1996.5258614462555 3094.371038681449),505
474,894.76,4,4,POINT (-1558.884041531201 3516.983929494357),532
475,1028.98,2,2,POINT (-1291.0309181621908 4514.497965840588),609
476,791.98,2,4,POINT (-1223.284282151744 3932.790230938864),640
477,959.21,4,3,POINT (-1529.0863411899147 2620.799821233879),622
478,790.77,3,2,POINT (-1206.5527313280495 3302.6974923643133),636
479,773.67,2,4,POINT (-2079.137145156913 3650.6106929224743),851
480,712.67,3,3,POINT (-1130.8113181627405 2817.328059404481),610
481,719.51,2,1,POINT (-1930.8400219491632 2773.773585205633),2
482,559.62,2,1,POINT (-1062.3812299904594 3002.1215906661346),655
483,872.13,3,4,POINT (-2093.124538600331 2770.1920924525903),366
484,846.28,4,4,POINT (-1129.114792459868 3273.838777541121),202
485,691.15,2,2,POINT (-2521.191949079259 4569.7115339721695),274
486,803.79,3,1,POINT (-2249.7800462578525 2506.043282990142),337
487,1047.86,3,3,POINT (-1717.6586980925804 3761.569088727875),965
488,654.76,2,4,POINT (-1449.2997831281382 2620.799821233879),622
489,737.57,2,3,POINT (-2390.2693221306254 4701.931451956684),250
490,910.5,4,1,POINT (-1359.3835055266122 2619.549130218945),669
491,719.51,2,4,POINT (-1069.4421383111785 3492.2812374050454),945
492,838.72,4,4,POINT (-1183.7067920410168 2811.8847887404377),648
493,624.81,1,3,POINT (-742.3590383741014 4484.9398242225725),78
494,388.88,1,3,POINT (-1231.8320891955063 3500.083956993789),566
495,1144.74,4,2,POINT (-2034.1164074964126 3094.371038681449),505
496,644.97,2,2,POINT (-1450.8738582961375 2691.5862913431774),539
497,380.74,1,3,POINT (-1197.4724705160024 2392.859100125612),307
498,907.93,3,2,POINT (-1966.9150615473886 2693.2760658099573),2
499,1077.98,2,1,POINT (-1196.8560226535092 4384.781127920799),158
500,803.92,3,4,POINT (-1610.5223443543068 2813.367518665328),675
501,509.27,1,4,POINT (-1344.716090820415 3889.9316368179843),223
502,861.39,4,2,POINT (-1431.0835359962373 2412.5176676963006),791
503,959.21,4,1,POINT (-1549.032980705359 2607.211622849955),622
504,1010.34,3,1,POINT (-2158.8847679475984 3070.6187933426304),547
505,990.3,2,4,POINT (-760.5535637706074 4468.744216019293),78
506,507.5,1,3,POINT (-1112.661584948115 3805.031831293623),534
507,1171.19,4,4,POINT (-2069.589265858782 3202.6538381163555),629
508,929.39,4,2,POINT (-1671.9194260679508 3383.615740281005),59
509,515.62,1,4,POINT (-1474.1997386620997 3883.465862416033),915
510,993.62,4,3,POINT (-550.3361529454938 4886.6123103088385),1022
511,959.99,3,4,POINT (-2361.3242679569444 4581.945695704893),776
512,741.96,3,2,POINT (-1456.4473384721596 2423.7874457685994),791
513,1299.64,4,1,POINT (-1310.9466805802444 3699.906658370147),30
514,855.86,3,4,POINT (-567.7565018610546 4873.227525333588),1022
515,519.05,1,1,POINT (-1601.6432530219968 3794.37476375718),989
516,907.93,3,3,POINT (-1077.2836471302037 3465.1605771882532),945
517,851.45,2,1,POINT (-670.0361384681796 4866.766649665868),433
518,1054.07,4,1,POINT (-1077.2836471302037 3519.4018976218376),945
519,499.52,1,1,POINT (-2266.1994348898033 5003.11609000739),483
520,381.91,1,4,POINT (-1432.1866950238887 2490.8868534433077),140
521,1231.64,4,4,POINT (-1685.3185365813429 4075.7133468033967),476
522,993.62,4,3,POINT (-1748.628191002931 2896.246156100268),391
523,370.98,1,1,POINT (-2361.0324727249485 2426.631425790066),1008
524,356.34,1,2,POINT (-1130.8113181627405 2900.180320263278),610
525,465.35,1,2,POINT (-2158.723146778084 2525.141681242502),448
526,1155.25,3,3,POINT (-1999.7387684605176 3482.9918834625214),270
527,530.44,1,4,POINT (-1671.5231308437487 4095.9521638112146),476
528,456.39,1,4,POINT (-2252.3844558787523 2675.0897967409323),559
529,1137.19,4,1,POINT (-2236.8016832319227 3082.4410752449303),894
530,930.7,3,3,POINT (-2366.8125352782386 4783.57301083809),498
531,436.06,1,4,POINT (-2048.731216510155 2751.3759024529922),366
532,559.62,2,1,POINT (-1108.7013252400461 3076.5769666578326),1014
533,1038.09,3,2,POINT (-2083.375948595123 3284.51451004066),246
534,907.93,3,1,POINT (-1966.9150615473886 2773.773585205633),2
535,668.74,1,2,POINT (-1175.487046953433 4555.253316069959),176
536,1144.74,4,2,POINT (-1233.2893224694951 3614.432935521804),466
537,850.06,4,2,POINT (-1062.5212960700821 2479.1967061336863),832
538,398.64,1,3,POINT (-1300.5005974065157 2680.4859984349114),661
539,1018.54,3,2,POINT (-1323.2149964041091 3881.505137575263),223
540,995.79,3,4,POINT (-1933.3016986196922 2997.055788283319),577
541,761.49,3,2,POINT (-1222.4019020583357 2383.629318537573),307
542,795.67,2,3,POINT (-1051.0481186469929 3607.5400815960147),703
543,719.18,3,1,POINT (-1064.1345147856075 2409.7445517137694),102
544,660.2,2,4,POINT (-2247.098703128385 2849.4522770820936),131
545,483.25,1,2,POINT (-1997.665610184602 3287.1897835985073),1031
546,976.26,3,1,POINT (-2199.170392318355 3661.0289184064422),60
547,761.49,3,1,POINT (-1613.0453946609055 3631.1979621903865),161
548,1337.48,3,2,POINT (-1214.2069448614607 4477.73471232868),176
549,624.81,1,4,POINT (-724.1645129775955 4468.744216019293),78
550,621.52,2,4,POINT (-1303.2969263511116 2567.8791799505025),669
551,1103.18,4,2,POINT (-2339.722927122974 3100.5339090063185),242
552,813.86,3,2,POINT (-528.2968919760641 4692.663312867456),451
553,861.39,4,4,POINT (-2442.6000759118815 2414.876377658424),1008
554,999.04,3,2,POINT (-2297.9045965194864 4905.61711817225),483
555,894.76,4,1,POINT (-1545.5283449993156 3593.874569832714),532
556,1088.3,2,3,POINT (-1982.343484428326 4572.902176340196),570
557,804.37,2,2,POINT (-1112.661584948115 3725.721049240871),534
558,910.5,4,1,POINT (-1303.2969263511116 2619.549130218945),669
559,1144.74,4,2,POINT (-1996.5258614462555 3135.663302171568),505
560,902.95,4,1,POINT (-1285.2922463067762 3313.712036230446),1025
561,499.52,1,3,POINT (-2297.9045965194864 5003.11609000739),483
562,356.34,1,4,POINT (-1065.8108589501398 2920.893385477977),610
563,951.8,4,2,POINT (-2444.6349653089865 2608.1347987170006),824
564,823.61,4,1,POINT (-1202.908077992538 3011.6191473721665),754
565,930.7,3,2,POINT (-2511.763385691227 3200.5772574963275),971
566,1352.81,4,4,POINT (-1996.9086354284273 4977.970624779415),336
567,507.5,1,4,POINT (-1159.7579481414848 3805.031831293623),534
568,950.23,3,3,POINT (-1201.93937411867 4013.3480779740544),951
569,605.32,2,4,POINT (-1452.2653397579181 2471.3675040326616),140
570,530.44,1,3,POINT (-1671.5231308437487 4055.4745297955787),476
571,475.11,1,3,POINT (-2116.7530502435293 2661.5041947588024),621
572,480,1,4,POINT (-1935.6825744373705 2878.38002516261),977
573,937.21,3,4,POINT (-1097.568390718419 3896.229871821094),293
574,416.54,1,3,POINT (-2247.098703128385 2826.5806648907183),131
575,1059.93,2,2,POINT (-1175.487046953433 4477.73471232868),176
576,807.18,2,3,POINT (-1344.716090820415 3889.9316368179843),223
577,590.57,2,4,POINT (-1226.993143660362 3218.864741533599),600
578,1594.33,4,4,POINT (-1998.4918225603542 4552.187553862719),570
579,1001.18,4,1,POINT (-546.7183538958213 4791.255480725052),797
580,1011.65,2,1,POINT (-1221.7010022681322 4296.996525444156),879
581,1298.43,3,4,POINT (-1307.2623732817392 4476.916402918279),609
582,475.11,1,3,POINT (-1215.0226206881084 3986.226566877643),951
583,967.17,4,2,POINT (-2141.9777234204494 2826.5806648907183),131
584,797.28,3,4,POINT (-1219.3575332548498 3387.294219472372),552
585,884.06,4,1,POINT (-1547.0468829055117 2817.015853468676),899
586,884.06,4,1,POINT (-1623.7057594946937 3655.180302582578),161
587,505.17,1,4,POINT (-2158.8847679475984 3122.656814545463),547
588,1249.62,3,4,POINT (-742.3590383741014 4484.9398242225725),78
589,497.89,1,4,POINT (-2257.17721991463 2989.2616238510836),996
590,515.62,1,2,POINT (-1512.6811722117868 3871.1981672739585),915
591,902.95,4,3,POINT (-1243.3784563674353 3531.847885491007),566
592,380.74,1,2,POINT (-2607.270681970669 3055.5973831255787),108
593,1018.54,3,2,POINT (-1734.4191929334997 3692.7597946110614),844
594,737.57,2,4,POINT (-2442.952276836617 3161.863690138648),971
595,776.25,2,2,POINT (-2209.3483931863348 3160.245994531182),894
596,999.04,3,3,POINT (-2297.9045965194864 5027.490832966176),483
597,465.35,1,1,POINT (-2114.6474042009013 2602.884683527168),448
598,825.25,2,2,POINT (-1395.0105726976412 3810.919525268514),719
599,488.13,1,1,POINT (-2129.673241665819 3683.906923541942),851
600,621.52,2,1,POINT (-1373.4051503204873 2606.631642651834),669
601,691.52,1,3,POINT (-1111.2507784205893 4393.2694155714635),71
602,465.35,1,4,POINT (-2442.952276836617 3200.5772574963275),971
603,826.22,3,1,POINT (-1469.2464226435823 2634.3880196178034),622
604,933.17,4,3,POINT (-2228.90222267179 2520.6679795653527),337
605,819.83,4,2,POINT (-1015.4410351677366 3017.7174656996385),655
606,1103.18,4,3,POINT (-2290.296029011218 4801.983998891783),861
607,453.96,1,4,POINT (-1843.935512637856 3481.309980988731),48
608,372.61,1,1,POINT (-1287.0236360976435 3232.233437428542),600
609,1088.3,2,2,POINT (-1966.195146296298 4552.187553862719),570
610,1341.2,4,3,POINT (-1978.651603736723 3502.161440884299),270
611,1080.51,4,3,POINT (-2460.1550540502694 3152.185298299228),971
612,959.99,3,3,POINT (-1918.7400718849904 2853.426937951559),977
613,1047.86,3,4,POINT (-1717.6586980925804 3804.5896104559715),965
614,781.41,2,1,POINT (-1996.5258614462555 3094.371038681449),505
615,493.01,1,2,POINT (-1215.1257814052028 3636.771970334341),466
616,431.18,1,1,POINT (-562.0139696412994 4810.950875794059),797
617,884.06,4,2,POINT (-2630.6164748890433 3064.0675917101144),108
618,431.18,1,2,POINT (-1772.763515447367 2625.349838476126),960
619,959.99,3,2,POINT (-2403.4346194357254 4581.945695704893),776
620,807.18,2,1,POINT (-2357.3881506490807 5012.334824560589),526
621,439.32,1,4,POINT (-2358.870709199079 2590.634907170782),248
622,582.63,1,2,POINT (-2012.5619210105062 4956.647375350605),336
623,1080.51,4,4,POINT (-2345.627345162475 4783.57301083809),498
624,1205.19,4,1,POINT (-2127.6268310071987 3315.4076167421),246
625,1008.81,3,4,POINT (-2113.0539315087226 3184.479879813082),629
626,1103.18,4,1,POINT (-1188.8561275492316 4040.4695890704656),951
627,803.79,3,3,POINT (-2270.6578698439153 2491.4185864149313),337
628,475.11,1,3,POINT (-2297.9584517280755 4779.708385897831),861
629,1059.93,2,1,POINT (-1214.2069448614607 4555.253316069959),176
630,1182.49,4,1,POINT (-1323.2149964041091 3881.505137575263),223
631,1001.18,4,3,POINT (-531.4227381503433 4810.950875794059),797
632,976.26,3,3,POINT (-2079.137145156913 3683.906923541942),851
633,967.17,4,3,POINT (-2168.2579683474332 2826.5806648907183),131
634,530.44,1,1,POINT (-1245.812529893636 3816.7642680687823),52
635,691.52,1,1,POINT (-1097.9809526236802 4406.404141100893),71
636,488.13,1,4,POINT (-2005.8469578819602 2843.4881662544967),725
637,982.29,4,1,POINT (-2297.9489737512154 2763.3551301619136),892
638,390.51,1,1,POINT (-1180.704739876141 2563.522481673344),944
639,488.13,1,3,POINT (-2191.1236440818916 3680.087853836266),60
640,830.41,2,2,POINT (-1678.3572803372772 3804.5896104559715),965
641,587.99,2,1,POINT (-2504.3540381962953 2481.628836470987),777
642,1015,3,3,POINT (-1171.532038939827 3745.548744754059),534
643,1182.49,4,3,POINT (-1746.4028129882463 3671.8773570744124),844
644,475.11,1,2,POINT (-2385.2344227441945 3052.918391828974),242
645,626.67,2,2,POINT (-1220.8186625213898 3318.570415044307),636
646,907.93,3,2,POINT (-1863.614094415031 3489.744653848632),48
647,865.62,3,4,POINT (-1788.4224314975454 2706.0080696034947),81
648,1165.25,3,1,POINT (-1981.255349846348 4999.293874208223),336
649,603.46,2,2,POINT (-2607.270681970669 3055.5973831255787),108
650,884.06,4,3,POINT (-1197.4724705160024 2392.859100125612),307
651,523.93,1,4,POINT (-1698.0079892149288 3783.0793495919233),965
652,719.51,2,3,POINT (-1957.8963016478324 2793.8979650545516),2
653,475.11,1,3,POINT (-2339.722927122974 3052.918391828974),242
654,1231.64,4,2,POINT (-1781.5987225119893 4068.8788907385324),294
655,665.36,2,1,POINT (-2448.4459957627114 2975.182377746389),739
656,1038.09,3,1,POINT (-1585.6848283952213 3810.988683375015),989
657,925.62,4,1,POINT (-1300.5005974065157 2697.286250559213),661
658,840.72,2,3,POINT (-1263.0768511486292 3831.5928941232187),52
659,480,1,2,POINT (-1952.6250769897506 2903.3331123736607),977
660,380.74,1,2,POINT (-1555.0584159964715 2796.3338303291357),899
661,993.62,4,2,POINT (-2465.778672973931 3104.0547204735794),22
662,1594.33,4,3,POINT (-1998.4918225603542 4593.616798817673),570
663,465.35,1,1,POINT (-2366.8125352782386 4880.767219945067),498
664,719.51,2,1,POINT (-1069.4421383111785 3492.2812374050454),945
665,1208.97,4,1,POINT (-1351.1314429167019 3828.5821530680487),719
666,846.28,4,2,POINT (-1110.054205501422 3261.9052131775397),202
667,842.84,3,4,POINT (-2352.640562507578 2865.632371963492),130
668,1054.07,4,2,POINT (-1843.935512637856 3481.309980988731),48
669,862.37,3,1,POINT (-1655.9649788350994 2625.349838476126),960
670,966.5,3,3,POINT (-2033.159140492209 3287.1897835985073),1031
671,691.15,2,2,POINT (-2521.191949079259 4549.89263507646),274
672,808.5,4,2,POINT (-1004.6554635101361 3073.949548440335),811
673,465.35,1,2,POINT (-2158.723146778084 2486.2701801001685),448
674,507.5,1,3,POINT (-1171.532038939827 3785.2041357804346),534
675,715.93,3,4,POINT (-1199.851719928422 2909.326175390639),710
676,1010.34,3,1,POINT (-2091.7391528335993 3070.6187933426304),547
677,667.94,2,2,POINT (-2373.5445644684123 2884.610915897236),130
678,813.86,3,1,POINT (-1472.3230756694177 2683.7530180975455),539
679,603.46,2,1,POINT (-2630.6164748890433 3064.0675917101144),108
680,509.27,1,1,POINT (-1734.4191929334997 3692.7597946110614),844
681,1594.33,4,4,POINT (-1982.343484428326 4572.902176340196),570
682,580.25,2,3,POINT (-1095.8438546268312 2495.769897064819),832
683,488.13,1,4,POINT (-2199.170392318355 3661.0289184064422),60
684,908.04,3,1,POINT (-1918.4505128898586 2609.526186764549),312
685,691.15,2,3,POINT (-2492.5233206370804 4559.8020845243145),274
686,1337.48,3,1,POINT (-1214.2069448614607 4574.632967005278),176
687,413.11,1,3,POINT (-1429.353143612694 2580.035226082107),622
688,453.96,1,3,POINT (-1077.2836471302037 3465.1605771882532),945
689,976.26,3,4,POINT (-2191.1236440818916 3680.087853836266),60
690,886.78,4,4,POINT (-2375.9834059072964 2493.9258452402546),959
691,800.54,3,4,POINT (-1671.9194260679508 3427.2910956350943),59
692,959.99,3,1,POINT (-2371.8518558266396 4508.114172129008),776
693,1103.18,4,2,POINT (-2290.296029011218 4801.983998891783),861
694,660.2,2,4,POINT (-2194.538213274417 2838.0164709864057),131
695,999.04,3,4,POINT (-2266.1994348898033 5027.490832966176),483
696,910.5,4,1,POINT (-1289.2752815572362 2632.4666177860554),669
697,791.72,2,3,POINT (-2297.9045965194864 4929.991861131035),483
698,465.35,1,3,POINT (-2026.4959190465352 2602.884683527168),448
699,976.26,3,1,POINT (-2104.405193411366 3667.258808232208),851
700,530.44,1,2,POINT (-1790.0333207747115 3740.314890371082),836
701,979.52,3,4,POINT (-2374.068133459862 3212.1159407220166),894
702,618.94,2,2,POINT (-1180.704739876141 2615.334435880475),944
703,715.93,3,2,POINT (-1190.9491044172587 2889.1141360057463),710
704,616.36,2,2,POINT (-1285.2922463067762 3278.6449287620358),1025
705,761.49,3,4,POINT (-1547.0468829055117 2817.015853468676),899
706,906.73,4,4,POINT (-1180.704739876141 2511.710527466212),944
707,840.72,2,3,POINT (-1228.5482086386432 3831.5928941232187),52
708,1579.21,4,4,POINT (-1211.8960246150896 4372.05562084512),158
709,827.39,4,2,POINT (-1117.8112263202204 2920.893385477977),610
710,741.96,3,4,POINT (-2451.331027750198 2519.041052065685),777
711,631.83,2,3,POINT (-1333.0886323717586 2688.886124497062),661
712,616.36,2,2,POINT (-1220.2857220235774 3468.3200284965706),566
713,649.7,2,4,POINT (-2487.390748387402 2608.1347987170006),824
714,966.5,3,3,POINT (-1997.665610184602 3323.628519144538),1031
715,509.27,1,3,POINT (-1746.4028129882463 3671.8773570744124),844
716,1054.07,4,1,POINT (-1863.614094415031 3489.744653848632),48
717,649.7,2,3,POINT (-2444.6349653089865 2576.3207448849457),824
718,418.17,1,3,POINT (-1302.4820872610612 3512.059329801013),924
719,631.83,2,1,POINT (-1300.5005974065157 2680.4859984349114),661
720,761.49,3,4,POINT (-1613.0453946609055 3631.1979621903865),161
721,865.17,4,4,POINT (-1166.9626512230807 3232.233437428542),600
722,439.32,1,2,POINT (-2376.131696641821 2575.003822761773),248
723,603.46,2,3,POINT (-1555.0584159964715 2796.3338303291357),899
724,959.21,4,1,POINT (-1509.1397016744704 2634.3880196178034),622
725,800.54,3,3,POINT (-1633.9538259439432 3427.2910956350943),59
726,819.83,4,3,POINT (-1223.8782379583222 3068.6191349874207),291
727,970.95,4,4,POINT (-1282.4098792735617 3434.234989213228),924
728,1299.64,4,2,POINT (-1319.5426563934784 3722.2274220634836),30
729,706.16,3,4,POINT (-1196.5570261244097 3078.852116162034),291
730,978.51,4,3,POINT (-2373.5445644684123 2846.653828029748),130
731,488.13,1,2,POINT (-2063.0743776053205 3015.6848881259502),725
732,834.94,4,2,POINT (-1100.813430115485 2396.8900692009256),102
733,678.25,2,3,POINT (-2465.778672973931 3056.814237716957),22
734,1383.04,3,2,POINT (-1111.2507784205893 4393.2694155714635),71
735,776.25,2,2,POINT (-2264.2549732775105 3056.506102149513),894
736,636.99,2,3,POINT (-2249.7800462578525 2506.043282990142),337
737,709.42,3,3,POINT (-1202.908077992538 2978.8932789786945),754
738,1276.56,3,4,POINT (-1184.8692145650277 4331.17199443889),879
739,978.51,4,4,POINT (-2331.736560546744 2846.653828029748),130
740,722.44,3,2,POINT (-1183.7067920410168 2715.4569198432737),648
741,776.25,2,3,POINT (-2264.2549732775105 3108.3760483403476),894
742,1182.49,4,2,POINT (-2349.0098963755754 4987.518773091293),526
743,887.14,2,3,POINT (-1310.9466805802444 3699.906658370147),30
744,650.84,1,1,POINT (-1011.8426560600255 5102.799890496844),192
745,925.62,4,4,POINT (-1228.3502153356342 3366.9123715961427),552
746,1018.54,3,4,POINT (-1344.716090820415 3889.9316368179843),223
747,370.98,1,1,POINT (-1431.0835359962373 2412.5176676963006),791
748,380.74,1,4,POINT (-1623.7057594946937 3655.180302582578),161
749,1298.43,3,4,POINT (-1274.7994630426424 4476.916402918279),609
750,1301.68,3,1,POINT (-994.3432495911848 5055.62623751902),192
751,819.83,4,1,POINT (-1083.485265163434 3068.2882291896303),1014
752,760.78,2,2,POINT (-2361.3242679569444 4522.880476844184),776
753,1114.52,4,1,POINT (-1935.6825744373705 2878.38002516261),977
754,636.99,2,4,POINT (-2228.90222267179 2520.6679795653527),337
755,993.62,4,1,POINT (-550.3361529454938 4886.6123103088385),1022
756,761.49,3,3,POINT (-1613.0453946609055 3631.1979621903865),161
757,1247.35,4,1,POINT (-706.5287818001921 4880.471423292969),433
758,907.93,3,1,POINT (-1843.935512637856 3481.309980988731),48
759,840.72,2,4,POINT (-1245.812529893636 3816.7642680687823),52
760,505.17,1,2,POINT (-2091.7391528335993 3122.656814545463),547
761,1103.18,4,2,POINT (-2116.7530502435293 2700.420617097524),621
762,1054.2,4,3,POINT (-1880.2625521343807 2601.0555541036365),312
763,784.27,3,3,POINT (-1289.2752815572362 2580.796667517613),669
764,587.99,2,1,POINT (-2442.6000759118815 2438.3864739217074),1008
765,929.39,4,1,POINT (-1633.9538259439432 3383.615740281005),59
766,865.62,3,1,POINT (-1725.3993970455153 2706.0080696034947),81
767,1059.93,2,1,POINT (-1214.2069448614607 4497.114363264),176
768,719.18,3,4,POINT (-1027.45559945573 2422.599034226613),102
769,761.49,3,1,POINT (-1623.7057594946937 3655.180302582578),161
770,1155.25,3,3,POINT (-2020.8259331843121 3463.822326040744),270
771,590.57,2,3,POINT (-1136.94740500444 3205.4960456386566),600
772,499.68,1,3,POINT (-1223.284282151744 3893.435107644778),640
773,976.26,3,4,POINT (-2079.137145156913 3650.6106929224743),851
774,649.7,2,3,POINT (-2466.012856848194 2592.227771800973),824
775,706.16,3,3,POINT (-1251.1994497922349 3058.3861538128076),291
776,715.93,3,3,POINT (-1199.851719928422 2909.326175390639),710
777,763.83,3,4,POINT (-1412.1080502898594 2510.406202853954),140
778,1059.71,4,3,POINT (-2226.993695594663 2658.0939764871),559
779,825.25,2,1,POINT (-1438.8897024785804 3828.5821530680487),719
780,745.21,3,3,POINT (-1257.0083898790026 3232.233437428542),600
781,784.27,3,2,POINT (-1359.3835055266122 2567.8791799505025),669
782,807.18,2,4,POINT (-1734.4191929334997 3692.7597946110614),844
783,950.23,3,3,POINT (-1201.93937411867 4013.3480779740544),951
784,855.86,3,4,POINT (-567.7565018610546 4873.227525333588),1022
785,493.01,1,1,POINT (-1251.4528635337874 3592.0939007092675),466
786,489.76,1,4,POINT (-2319.1615533686863 3212.1159407220166),894
787,1080.51,4,1,POINT (-2366.8125352782386 4929.364324498556),498
788,737.57,2,4,POINT (-2158.723146778084 2602.884683527168),448
789,959.99,3,4,POINT (-1918.7400718849904 2853.426937951559),977
790,886.78,4,3,POINT (-1432.1866950238887 2490.8868534433077),140
791,519.05,1,4,POINT (-1601.6432530219968 3794.37476375718),989
792,1018.54,3,4,POINT (-2178.2066967713 4808.476104745122),221
793,836.33,3,2,POINT (-1292.4459832673115 3550.9715000949054),924
794,603.46,2,2,POINT (-1547.0468829055117 2817.015853468676),899
795,392.13,1,2,POINT (-1359.3835055266122 2619.549130218945),669
796,1182.49,4,4,POINT (-1746.4028129882463 3671.8773570744124),844
797,840.72,2,3,POINT (-1761.149906110346 4050.736798379685),294
798,966.5,3,1,POINT (-1997.665610184602 3287.1897835985073),1031
799,1156.08,4,2,POINT (-1941.4476888958131 3025.6171017561246),577
800,398.64,1,1,POINT (-1300.5005974065157 2697.286250559213),661
801,761.49,3,3,POINT (-1613.0453946609055 3631.1979621903865),161
802,353.08,1,4,POINT (-1223.8782379583222 3068.6191349874207),291
803,1001.18,4,2,POINT (-1626.7653446820325 2636.245356361672),960
804,995.79,3,4,POINT (-2278.7885042402504 2979.382910231933),996
805,1205.19,4,2,POINT (-2127.6268310071987 3284.51451004066),246
806,822.67,2,3,POINT (-1585.6848283952213 3810.988683375015),989
807,427.93,1,4,POINT (-550.3361529454938 4886.6123103088385),1022
808,475.11,1,1,POINT (-2153.717344187109 2700.420617097524),621
809,421.42,1,4,POINT (-2352.640562507578 2865.632371963492),130
810,567.36,2,2,POINT (-1190.9491044172587 2889.1141360057463),710
811,493.01,1,1,POINT (-1233.2893224694951 3614.432935521804),466
812,423.05,1,4,POINT (-2251.0632903770074 2782.763358650397),892
813,1373.28,3,1,POINT (-1998.4918225603542 4552.187553862719),570
814,709.42,3,2,POINT (-1226.0335983358684 2995.2562131754303),754
815,706.16,3,3,POINT (-1109.3214248131821 3017.7174656996385),655
816,719.51,2,2,POINT (-1863.614094415031 3489.744653848632),48
817,1165.25,3,1,POINT (-1981.255349846348 4956.647375350605),336
818,719.51,2,4,POINT (-1939.8587818487194 2793.8979650545516),2
819,1088.3,2,1,POINT (-1966.195146296298 4552.187553862719),570
820,1507.43,4,2,POINT (-1274.7994630426424 4552.079528762897),609
821,436.06,1,2,POINT (-2026.5345554650667 2779.600187452389),366
822,1047.86,3,4,POINT (-1717.6586980925804 3761.569088727875),965
823,706.16,3,3,POINT (-1109.3214248131821 2986.5257156326306),655
824,634.41,2,3,POINT (-1662.4280260369487 3416.372256796572),59
825,431.18,1,1,POINT (-1801.9631496004336 2614.45432059058),960
826,678.25,2,2,POINT (-567.7565018610546 4873.227525333588),1022
827,395.39,1,1,POINT (-1206.5527313280495 3302.6974923643133),636
828,1156.08,4,3,POINT (-2257.17721991463 2989.2616238510836),996
901,415.89,1,4,POINT (-183.39469999911827 5328.335829851048),386
902,868.54,4,1,POINT (-1645.3753259700366 6183.963719673016),1026
903,793.53,3,4,POINT (-1399.3214530094099 4670.082592855952),804
904,399.16,1,3,POINT (-2633.517834631224 6603.307584710206),436
905,628.86,2,1,POINT (353.46630938349324 5036.394910300052),962
906,623.18,2,1,POINT (-369.94252946578285 5263.7092311840615),1030
907,788.75,3,3,POINT (-1873.321906160364 5782.470763252524),414
908,815.82,4,1,POINT (-582.399123195597 6378.2793775134405),673
909,602.34,2,3,POINT (-565.5506282661323 5120.385828479983),137
910,589.08,2,1,POINT (-127.26644726325719 3412.3933194691285),563
911,1534.52,4,1,POINT (427.9248691249813 4739.045298736094),114
912,912.94,4,4,POINT (-3375.994636611187 4809.663590611068),470
913,359.72,1,3,POINT (-602.0069144191575 6302.006900901817),157
914,659.17,2,3,POINT (-207.84249740855012 5336.11805098548),386
915,1278.74,3,2,POINT (-3603.2995379790736 5910.234796671739),216
916,824.14,4,4,POINT (-1616.0766221036315 5663.496583772971),508
917,1076.66,4,1,POINT (-1318.1805627952376 5833.072779199025),734
918,415.89,1,1,POINT (-2106.2859009537306 5797.207128796289),947
919,840.79,4,4,POINT (-1827.5889154431457 6213.014624731367),110
920,731.39,3,3,POINT (-1730.4047988627738 6267.150262561382),835
921,659.17,2,3,POINT (-3660.2646170373177 5706.288268656919),358
922,824.14,4,3,POINT (-1715.061398651826 5699.066136769006),805
923,738.56,3,1,POINT (-2642.93180920579 6805.712475473836),581
924,623.18,2,1,POINT (-389.0222599771563 5271.565401557664),1030
925,1076.66,4,2,POINT (-1292.276742397422 5841.29533162773),734
926,554.99,2,4,POINT (-2721.353174109782 6862.8612194660855),810
927,882.42,4,4,POINT (12.631829182070042 5340.500579439835),713
928,554.99,2,4,POINT (-1531.1328847088653 5597.244219744858),984
929,660.88,1,3,POINT (293.64078138084454 4739.045298736094),114
930,558.78,2,4,POINT (-1662.1497492873168 5616.28437419331),203
931,1046.89,3,2,POINT (147.16991637297306 4052.559847408311),916
932,524.11,1,2,POINT (-80.47844300005269 4852.486665211205),735
933,1015.82,3,3,POINT (-88.2074776563542 3736.1378810213123),643
934,577.72,2,3,POINT (-615.3610400980101 6219.202532754804),898
935,415.89,1,1,POINT (-3610.0936121106943 5706.288268656919),358
936,779.19,3,1,POINT (-1649.0061333088274 6088.013410245379),318
937,1534.52,4,1,POINT (293.64078138084454 4782.851335328909),114
938,602.34,2,2,POINT (-436.3311441380732 5254.480460709678),615
939,565.27,1,1,POINT (-655.9673571430403 5854.35217703245),1017
940,623.83,1,3,POINT (-218.63938627284938 4365.603442175583),287
941,415.89,1,3,POINT (-183.39469999911827 5328.335829851048),386
942,767.24,3,3,POINT (33.054785041364894 3467.7464824486233),62
943,991.92,3,1,POINT (-140.15955565775582 3603.0707659966456),449
944,1508.62,4,1,POINT (-1988.436894778513 4787.36148604652),484
945,368.09,1,3,POINT (-2625.1240507745365 6221.370149286384),75
946,659.17,2,2,POINT (-3062.2884042311425 6023.397685584292),399
947,700.32,3,4,POINT (-2741.9301309353727 6851.97126749714),810
948,786.08,2,3,POINT (-320.0839236943364 3603.0707659966456),449
949,748.12,3,2,POINT (-1664.8873845475905 6169.220169851887),1026
950,659.17,2,4,POINT (-3663.4136697448293 4812.3758241414525),873
951,786.08,2,2,POINT (-95.17846364861066 3562.7527670847094),449
952,598.74,1,1,POINT (-1490.5412378949272 5089.588539738686),758
953,523.45,1,3,POINT (131.2810672906894 4036.153564956029),916
954,965.66,4,2,POINT (-1803.506193612398 5850.647195738124),841
955,577.72,2,3,POINT (-2495.13905368497 6791.116922785467),457
956,861.84,2,1,POINT (-2895.6514314692968 6586.524820233901),908
957,451.74,1,1,POINT (-1295.437477582791 5959.376057438587),514
958,786.36,3,1,POINT (-369.94252946578285 5263.7092311840615),1030
959,358.52,1,1,POINT (-2617.6002439678923 6871.402310205484),507
960,927.38,3,1,POINT (-1344.084383193053 5841.29533162773),734
961,1381.9,4,3,POINT (-837.4238115618095 5709.294708385738),504
962,813.04,4,2,POINT (-694.1547645624357 6329.574564276278),77
963,1029.79,2,3,POINT (-2004.8176912164604 4771.621672470582),484
964,388.4,1,3,POINT (-620.4288122455057 5178.080886773333),676
965,615.6,2,2,POINT (-609.1483105484713 5120.376970751322),676
966,1076.66,4,1,POINT (-1318.1805627952376 5833.072779199025),734
967,350.16,1,1,POINT (-2721.353174109782 6862.8612194660855),810
968,1368.02,4,1,POINT (-758.276276578004 5646.307098996954),271
969,415.89,1,2,POINT (-1460.0928628397612 5982.023394905787),488
970,396.77,1,1,POINT (-1391.7476936810656 4649.690187496199),804
971,659.17,2,3,POINT (-2386.1537768899043 5877.001177988991),910
972,438.59,1,2,POINT (-3374.45498044692 5196.629217472029),611
973,1528.97,4,4,POINT (-828.3972887155581 3924.8003947488123),292
974,1023.4,2,2,POINT (-1612.7659337843802 4919.669823464181),683
975,846.34,4,3,POINT (-574.8545408956802 6219.202532754804),898
976,1042.11,3,3,POINT (-3178.434537038688 5838.581871926439),536
977,602.34,2,3,POINT (4.502697650541232 5359.332759482619),713
978,895.94,2,3,POINT (-671.9951273566749 5872.867767467583),1017
979,717.05,3,1,POINT (-2642.646377498224 6878.9617101747945),507
980,734.93,2,3,POINT (-2990.840351165739 5982.126020632107),168
981,831.78,3,2,POINT (-2146.9080376928728 5863.511699319407),404
982,882.42,4,3,POINT (-470.07226392738164 5197.017132096063),615
983,760.07,3,1,POINT (-470.07226392738164 5254.480460709678),615
984,417.08,1,3,POINT (-1550.2078167200907 5992.041051046559),523
985,577.72,2,2,POINT (-574.8545408956802 6184.855099073229),898
986,1043.68,2,4,POINT (-816.272382741947 3907.951274002237),292
987,660.88,1,2,POINT (260.06975944481036 4749.996807884298),114
988,372.87,1,3,POINT (-89.32987721731169 3506.898418268879),193
989,364.5,1,2,POINT (-615.3610400980101 6219.202532754804),898
990,798.31,3,3,POINT (-2610.5184815063512 6587.644626145553),436
991,617.5,2,2,POINT (-1631.9916221192786 6069.547463099791),318
992,617.5,2,1,POINT (-1666.020644498376 6069.547463099791),318
993,779.19,3,2,POINT (-1631.9916221192786 6106.479357390968),318
994,661.06,2,4,POINT (-1638.4312298944653 5992.041051046559),523
995,890.74,4,3,POINT (-2.201149572531972 3467.7464824486233),62
996,1238.1,3,1,POINT (-1030.1321796839636 5924.40598637495),620
997,788.75,3,4,POINT (-1962.6146755160657 5797.276162062822),414
998,662.08,1,1,POINT (-423.8217734539893 4135.248738047925),499
999,779.19,3,1,POINT (-1649.0061333088274 6088.013410245379),318
1000,1216.94,4,3,POINT (-63.68896675059665 4868.689584138492),735
1001,849.12,4,3,POINT (-1790.5216166714472 6280.09198662167),835
1002,689.56,1,1,POINT (-840.9323880859133 3752.7616920718187),286
1003,558.78,2,3,POINT (-1704.7713283737937 5630.22569812214),203
1004,524.11,1,3,POINT (-80.47844300005269 4852.486665211205),735
1005,1215.4,4,2,POINT (163.05876545525672 4036.153564956029),916
1006,661.06,2,2,POINT (-1550.2078167200907 5934.3151642728735),523
1007,524.11,1,4,POINT (-63.68896675059665 4868.689584138492),735
1008,1601.11,4,3,POINT (-798.8628411816139 3752.7616920718187),286
1009,370.48,1,4,POINT (-511.6638983353841 6049.269942635663),264
1010,831.78,3,2,POINT (-1420.7869686231338 5982.023394905787),488
1011,659.17,2,2,POINT (-3663.4136697448293 4812.3758241414525),873
1012,861.84,2,4,POINT (-2856.115258780107 6604.438451924698),908
1013,400.35,1,4,POINT (-584.8389141438795 6072.416597485497),929
1014,415.89,1,2,POINT (-2128.4087303669476 5789.668072350837),947
1015,929.59,4,3,POINT (-571.7912026399204 6115.738631501841),929
1016,904.62,4,1,POINT (-1631.9916221192786 6069.547463099791),318
1017,507.91,1,1,POINT (-70.7176048008879 3688.5790032522445),643
1018,1537.29,4,3,POINT (-423.8217734539893 3961.2168247742347),499
1019,689.56,1,1,POINT (-798.8628411816139 3713.558009663553),286
1020,415.89,1,2,POINT (-3660.2646170373177 5654.560913915973),358
1021,965.66,4,4,POINT (-207.84249740855012 5336.11805098548),386
1022,1076.66,4,3,POINT (-2990.840351165739 5913.358655542965),168
1023,364.5,1,1,POINT (-2469.018345585734 6775.141769759931),457
1024,393.18,1,4,POINT (-389.0222599771563 5271.565401557664),1030
1025,709.88,3,4,POINT (-1529.7536120168543 5663.496583772971),508
1026,617.5,2,4,POINT (-1666.020644498376 6069.547463099791),318
1027,487.59,1,3,POINT (-2988.093633573976 6391.621713056678),56
1028,1484.57,4,3,POINT (-3584.169647008888 5934.395301757106),216
1029,521.06,1,4,POINT (-702.3507124533027 6020.318112030914),978
1030,1151.58,4,2,POINT (-95.17846364861066 3589.631433026),449
1031,1023.4,2,1,POINT (-1612.7659337843802 4735.182641334957),683
1032,619.05,1,1,POINT (-945.3194248220896 5851.30248201271),620
1033,1266.79,3,1,POINT (-67.28527771284766 4591.746610454927),332
1034,1003.9,2,1,POINT (-67.28527771284766 4514.923398245357),332
1035,619.05,1,4,POINT (-1008.9289909684951 5906.13011028439),620
1036,615.6,2,1,POINT (-2633.490867455981 6293.853486320795),105
1037,415.89,1,3,POINT (-1782.807125874992 5841.088755296831),841
1038,639.37,1,1,POINT (-3584.169647008888 5886.074291586372),216
1039,831.78,3,4,POINT (-1460.0928628397612 5925.937351360166),488
1040,715.99,2,2,POINT (-1343.386064771534 5973.348172541604),514
1041,798.31,3,1,POINT (-2610.5184815063512 6618.97054327486),436
1042,1216.94,4,3,POINT (-80.47844300005269 4852.486665211205),735
1043,831.78,3,1,POINT (-2106.2859009537306 5797.207128796289),947
1044,825.85,2,4,POINT (-667.0948413013051 6006.316308944972),978
1045,417.08,1,3,POINT (-1528.1519634264969 5919.883692579452),523
1046,1018.39,4,1,POINT (-3366.122556039276 5214.924087026799),611
1047,705.1,3,4,POINT (-1619.5281702008401 5602.343050264481),203
1048,1470.69,4,3,POINT (-140.8274753559194 4534.129201297749),332
1049,1092.93,2,4,POINT (-840.9323880859133 3713.558009663553),286
1050,608.03,2,1,POINT (-100.94272074299435 5328.444832535462),10
1051,354.94,1,4,POINT (-1695.1255136348232 5715.107685335772),805
1052,1151.58,4,3,POINT (-365.06501570348155 3616.510098967291),449
1053,628.86,2,3,POINT (345.06266211374634 5055.5261801554925),962
1054,1015.82,3,3,POINT (-70.7176048008879 3783.69675879038),643
1055,813.04,4,2,POINT (-713.3451653741274 6339.595899906177),77
1056,634.54,2,1,POINT (-571.7912026399204 6029.0945634691525),929
1057,608.03,2,4,POINT (-2.201149572531972 3512.111273956546),62
1058,846.34,4,1,POINT (-574.8545408956802 6219.202532754804),898
1059,965.66,4,3,POINT (-2128.4087303669476 5789.668072350837),947
1060,1316.98,3,4,POINT (-828.3972887155581 3924.8003947488123),292
1061,1368.02,4,4,POINT (-754.3492553560491 5583.18587102594),1019
1062,868.54,4,2,POINT (-1625.8632673924826 6198.707269494145),1026
1063,981.17,2,4,POINT (-1051.3353683994321 5869.57835810327),620
1064,399.16,1,2,POINT (-2656.517187756097 6618.97054327486),436
1065,1434.62,4,1,POINT (-622.3890980653962 3709.3812763520414),753
1066,927.38,3,2,POINT (-1292.276742397422 5841.29533162773),734
1067,1046.89,3,4,POINT (147.16991637297306 4052.559847408311),916
1068,660.88,1,1,POINT (260.06975944481036 4728.093789587891),114
1069,350.16,1,3,POINT (-1550.046162256439 5606.726708601213),984
1070,989.53,3,2,POINT (-489.26696374225105 5689.194110853372),654
1071,965.66,4,2,POINT (-2362.1162807589026 5866.70590772769),910
1072,1228.54,3,1,POINT (-748.8346994757537 5366.606751644118),985
1073,615.6,2,1,POINT (-490.42848485367756 5933.228355514893),50
1074,660.88,1,4,POINT (327.21180331687873 4749.996807884298),114
1075,660.88,1,3,POINT (260.06975944481036 4771.8998261807055),114
1076,615.6,2,1,POINT (-2609.2856113067774 6308.698483863476),105
1077,832.47,4,2,POINT (-2617.6002439678923 6871.402310205484),507
1078,659.17,2,4,POINT (-3610.0936121106943 5654.560913915973),358
1079,415.89,1,1,POINT (-3071.594004654063 6045.059000833063),399
1080,573.93,2,2,POINT (-2401.058309657752 6214.165374816003),165
1081,565.27,1,4,POINT (-639.9395869294058 5835.836586597316),1017
1082,393.18,1,1,POINT (-369.94252946578285 5263.7092311840615),1030
1083,645.69,1,4,POINT (-1569.3371584531474 4735.182641334957),683
1084,965.66,4,2,POINT (-2106.2859009537306 5797.207128796289),947
1085,602.34,2,1,POINT (12.631829182070042 5340.500579439835),713
1086,415.89,1,2,POINT (-2386.1537768899043 5877.001177988991),910
1087,832.47,4,2,POINT (-2642.646377498224 6878.9617101747945),507
1088,973.6,2,3,POINT (-3399.31453406964 5914.246870666755),442
1089,965.66,4,2,POINT (-2205.0227580268183 5798.595052398783),887
1090,632.65,2,3,POINT (-2633.517834631224 6603.307584710206),436
1091,767.24,3,1,POINT (33.054785041364894 3467.7464824486233),62
1092,380.04,1,2,POINT (-565.5506282661323 5229.883061527234),137
1093,1132.16,4,3,POINT (-2988.093633573976 6301.231944801589),56
1094,921.26,4,2,POINT (-1399.3214530094099 4670.082592855952),804
1095,973.6,2,2,POINT (-3399.31453406964 6006.532233055757),442
1096,415.89,1,1,POINT (-3663.4136697448293 4812.3758241414525),873
1097,619.05,1,2,POINT (-1008.9289909684951 5942.68186246551),620
1098,415.89,1,2,POINT (-2054.4877584392607 5863.511699319407),404
1099,521.06,1,2,POINT (-737.6065836053002 6006.316308944972),978
1100,784.18,2,2,POINT (-506.5675166764355 5634.864588708617),654
1101,1000.12,2,3,POINT (-618.0650589155872 4087.839076893465),746
1102,1499.25,4,1,POINT (-1623.6231276171884 4781.304436867264),683
1103,798.31,3,4,POINT (-165.5999331295073 5260.805527774772),1003
1104,729,3,1,POINT (-2521.2597617842057 6807.092075811003),457
1105,700.32,3,1,POINT (-694.1547645624357 6329.574564276278),77
1106,658.49,1,3,POINT (-816.272382741947 3907.951274002237),292
1107,1437.39,4,1,POINT (-924.116236106621 5833.02660592215),620
1108,388.4,1,3,POINT (-631.70931394254 5235.784802795344),676
1109,776.8,3,1,POINT (15.49164600866518 5243.946538390235),833
1110,634.54,2,2,POINT (-597.8866256478386 6029.0945634691525),929
1111,415.89,1,1,POINT (-3663.4136697448293 4812.3758241414525),873
1112,734.93,2,1,POINT (-2990.840351165739 6119.660750810392),168
1113,565.27,1,4,POINT (-655.9673571430403 5854.35217703245),1017
1114,740.95,3,1,POINT (-511.6638983353841 6179.954587182383),264
1115,633.39,1,1,POINT (-189.85560711796725 4534.129201297749),332
1116,915.71,4,3,POINT (-1784.0291368046624 5797.276162062822),414
1117,1130.55,3,2,POINT (-671.9951273566749 5872.867767467583),1017
1118,1262.01,3,2,POINT (-588.0767606517261 4095.9490209024807),746
1119,1326.54,3,1,POINT (-23.337442687549682 4416.186995013908),663
1120,362.11,1,4,POINT (-1845.1054225181472 6223.628607476944),110
1121,1215.4,4,1,POINT (131.2810672906894 4036.153564956029),916
1122,589.18,1,2,POINT (-823.7363210152198 5537.173528462925),1019
1123,1178.35,3,4,POINT (-740.1858030803547 5637.848770005285),271
1124,1321.76,3,1,POINT (394.3538471889471 4728.093789587891),114
1125,1049.36,2,3,POINT (-407.80617206985 3917.708846455812),499
1126,388.4,1,2,POINT (23.631407644464858 5219.167319082662),833
1127,818.59,4,2,POINT (-1683.4605388305554 5609.313712228895),203
1128,1178.35,3,4,POINT (-758.276276578004 5646.307098996954),271
1129,615.6,2,2,POINT (-609.1483105484713 5206.932844784338),676
1130,979.28,2,2,POINT (-469.3769716251681 3837.903867994828),753
1131,988.75,2,3,POINT (-244.62194757234778 4440.110454026924),287
1132,700.32,3,2,POINT (-713.3451653741274 6339.595899906177),77
1133,748.12,3,4,POINT (-1645.3753259700366 6183.963719673016),1026
1134,400.35,1,3,POINT (-597.8866256478386 6050.755580477325),929
1135,831.78,3,1,POINT (-3622.6363633423503 5693.356429971683),358
1136,1324.15,3,1,POINT (-407.80617206985 4178.756716366348),499
1137,784.18,2,3,POINT (-506.5675166764355 5743.523632998128),654
1138,1076.66,4,2,POINT (-1344.084383193053 5841.29533162773),734
1139,831.78,3,2,POINT (-183.39469999911827 5328.335829851048),386
1140,1316.98,3,3,POINT (-828.3972887155581 3924.8003947488123),292
1141,617.5,2,2,POINT (-1631.9916221192786 6106.479357390968),318
1142,396.77,1,3,POINT (353.46630938349324 5036.394910300052),962
1143,659.17,2,1,POINT (-1803.506193612398 5850.647195738124),841
1144,487.59,1,4,POINT (-2956.769624297317 6391.621713056678),56
1145,393.18,1,2,POINT (-3401.8347864707885 4817.964611036156),470
1146,570.14,2,3,POINT (-625.5724812374312 6284.072402551033),157
1147,1381.9,4,3,POINT (-820.3129089778787 5747.052761842953),504
1148,965.66,4,4,POINT (-3660.2646170373177 5706.288268656919),358
1149,786.36,3,3,POINT (-389.0222599771563 5271.565401557664),1030
1150,788.75,3,3,POINT (-1828.6755214825132 5797.276162062822),414
1151,1013.38,2,1,POINT (-505.8074573429153 4014.8045876601145),325
1152,396.77,1,3,POINT (345.06266211374634 5055.5261801554925),962
1153,625.07,2,2,POINT (-1917.968290838215 5797.276162062822),414
1154,786.36,3,1,POINT (-369.94252946578285 5263.7092311840615),1030
1155,854.67,4,2,POINT (-2599.6105495476454 6212.454165421583),75
1156,362.11,1,1,POINT (-1827.5889154431457 6213.014624731367),110
1157,615.6,2,3,POINT (-631.70931394254 5149.228928762328),676
1158,632.65,2,4,POINT (-207.44845187574333 5260.805527774772),1003
1159,933.82,2,3,POINT (-754.3492553560491 5537.173528462925),1019
1160,415.89,1,3,POINT (-1469.919336393918 5996.044905792193),488
1161,927.38,3,2,POINT (-1318.1805627952376 5833.072779199025),734
1162,948.97,2,4,POINT (-1473.0522127691502 5111.984404851226),758
1163,602.34,2,4,POINT (4.502697650541232 5359.332759482619),713
1164,463.69,1,1,POINT (-2990.840351165739 6050.89338572125),168
1165,583.4,2,1,POINT (-2514.175452075128 6215.348693777564),330
1166,1379.12,3,2,POINT (-840.9323880859133 3752.7616920718187),286
1167,829.64,2,3,POINT (163.05876545525672 4036.153564956029),916
1168,1390.22,4,3,POINT (-1508.030263020704 5067.192674626147),758
1169,1179.33,4,2,POINT (-105.6973505118205 3688.5790032522445),643
1170,926.81,4,1,POINT (-2610.5184815063512 6587.644626145553),436
1171,926.81,4,1,POINT (-165.5999331295073 5214.852253865081),1003
1172,1048.91,4,1,POINT (-1247.4888903940478 5945.403942335569),514
1173,813.04,4,4,POINT (-1531.1328847088653 5597.244219744858),984
1174,882.42,4,1,POINT (-1730.5657970349366 6174.964099280698),855
1175,965.66,4,1,POINT (-3062.2884042311425 6023.397685584292),399
1176,989.53,3,4,POINT (-463.3161343409744 5770.688394070507),654
1177,374.06,1,3,POINT (-1664.8873845475905 6169.220169851887),1026
1178,788.75,3,1,POINT (-1739.3827521268113 5767.665364442226),414
1179,362.11,1,3,POINT (-2426.29869133411 6222.441129147122),165
1180,615.6,2,1,POINT (-469.82102227082703 5943.867019338775),50
1181,358.52,1,3,POINT (-2617.6002439678923 6871.402310205484),507
1182,351.35,1,1,POINT (-653.2021646681048 6393.714859328378),673
1183,973.6,2,3,POINT (-771.5730523385232 5378.048731270377),985
1184,784.18,2,4,POINT (-497.9172402093433 5662.029349780994),654
1185,659.17,2,4,POINT (-3341.984083186051 5587.368657736281),396
1186,463.69,1,1,POINT (-3006.1304692527756 5999.317861904392),168
1187,388.4,1,4,POINT (15.49164600866518 5243.946538390235),833
1188,659.17,2,4,POINT (-3610.0936121106943 5706.288268656919),358
1189,352.55,1,3,POINT (-1662.1497492873168 5616.28437419331),203
1190,589.18,1,3,POINT (-740.1858030803547 5637.848770005285),271
1191,350.16,1,4,POINT (-2741.9301309353727 6851.97126749714),810
1192,614.27,1,3,POINT (-748.8346994757537 5366.606751644118),985
1193,1537.29,4,4,POINT (-439.83737483812854 4091.7407597295023),499
1194,362.11,1,1,POINT (-2401.058309657752 6214.165374816003),165
1195,602.34,2,4,POINT (-532.2489505367064 5229.883061527234),137
1196,1540.07,4,1,POINT (-68.45479723428569 4416.186995013908),663
1197,1528.97,4,3,POINT (-816.272382741947 3907.951274002237),292
1198,556.88,2,2,POINT (-511.5960817230892 6362.843895698503),673
1199,1015.82,3,3,POINT (-105.6973505118205 3807.476197674914),643
1200,700.32,3,2,POINT (-694.1547645624357 6329.574564276278),77
1201,798.31,3,2,POINT (-207.44845187574333 5214.852253865081),1003
1202,399.16,1,4,POINT (-217.91058156230235 5249.317209297349),1003
1203,415.89,1,1,POINT (-3331.684761000044 5561.706680953195),396
1204,1151.58,4,1,POINT (-275.1028316851913 3616.510098967291),449
1205,661.06,2,4,POINT (-1528.1519634264969 5948.746635966295),523
1206,700.32,3,2,POINT (-2721.353174109782 6862.8612194660855),810
1207,1278.74,3,2,POINT (-525.2882447971367 4029.2851004659365),325
1208,901.84,4,4,POINT (-469.82102227082703 5922.5896916910115),50
1209,1029.79,2,4,POINT (-1972.0560983405658 4803.101299622459),484
1210,463.69,1,1,POINT (-1292.276742397422 5841.29533162773),734
1211,658.49,1,4,POINT (-828.3972887155581 3924.8003947488123),292
1212,834.17,3,3,POINT (-1660.487083188059 5948.746635966295),523
1213,831.78,3,4,POINT (-1460.0928628397612 5982.023394905787),488
1214,760.07,3,3,POINT (-1730.5657970349366 6085.754816817689),855
1215,354.94,1,1,POINT (-1734.997283668829 5715.107685335772),805
1216,573.93,2,2,POINT (-1845.1054225181472 6223.628607476944),110
1217,1324.15,3,1,POINT (-375.7749693015714 4004.724803092657),499
1218,748.12,3,3,POINT (-1625.8632673924826 6198.707269494145),1026
1219,507.91,1,4,POINT (-105.6973505118205 3712.3584421367786),643
1220,1262.58,4,2,POINT (-2935.1876041584865 6568.611188543104),908
1221,614.27,1,2,POINT (-3422.256915733257 6029.603573653008),442
1222,849.12,4,4,POINT (-1790.5216166714472 6254.208538501094),835
1223,451.74,1,1,POINT (-1367.3603583659055 5980.334230093113),514
1224,1047.47,2,2,POINT (260.06975944481036 4793.8028444771135),114
1225,1190.3,3,4,POINT (-854.5347141457403 5747.052761842953),504
1226,589.18,1,2,POINT (-758.276276578004 5646.307098996954),271
1227,729,3,2,POINT (-2521.2597617842057 6775.141769759931),457
1228,1278.74,3,2,POINT (-486.32666988869386 4029.2851004659365),325
1229,854.67,4,4,POINT (-2625.1240507745365 6221.370149286384),75
1230,831.78,3,3,POINT (-3071.594004654063 6045.059000833063),399
1231,608.03,2,2,POINT (-2.201149572531972 3467.7464824486233),62
1232,1247.66,3,3,POINT (-192.65682497335098 4291.096430324243),287
1233,767.24,3,4,POINT (-54.60842551946594 5328.444832535462),10
1234,1197.47,3,3,POINT (-1473.0522127691502 5067.192674626147),758
1235,369.28,1,3,POINT (-2642.93180920579 6722.574294868897),581
1236,862.99,4,3,POINT (-170.4977196465834 3423.559674635429),563
1237,1299.45,3,3,POINT (-1988.436894778513 4787.36148604652),484
1238,776.8,3,2,POINT (-490.42848485367756 5933.228355514893),50
1239,562.57,2,1,POINT (-1551.3343645385485 5650.818929732952),508
1240,623.83,1,1,POINT (-257.61322822209695 4477.363959952594),287
1241,933.82,2,2,POINT (-740.1858030803547 5637.848770005285),271
1242,1076.66,4,1,POINT (-3006.1304692527756 6136.852592082678),168
1243,554.99,2,4,POINT (-1550.046162256439 5606.726708601213),984
1244,632.65,2,2,POINT (-2610.5184815063512 6618.97054327486),436
1245,798.31,3,3,POINT (-165.5999331295073 5260.805527774772),1003
1246,1209.85,4,1,POINT (-667.0948413013051 6034.319915116856),978
1247,579.61,2,4,POINT (-1670.2879810541003 6254.208538501094),835
1248,1426.29,4,2,POINT (-771.5730523385232 5378.048731270377),985
1249,380.04,1,2,POINT (12.631829182070042 5340.500579439835),713
1250,358.52,1,3,POINT (-2642.646377498224 6878.9617101747945),507
1251,634.54,2,4,POINT (-584.8389141438795 6072.416597485497),929
1252,854.67,4,2,POINT (-2488.473157645238 6224.146035645772),330
1253,1130.55,3,1,POINT (-639.9395869294058 5835.836586597316),1017
1254,562.57,2,2,POINT (-1551.3343645385485 5676.174237812989),508
1255,543.76,1,3,POINT (-2836.347172435512 6577.568004388502),908
1256,660.88,1,4,POINT (427.9248691249813 4739.045298736094),114
1257,494.76,1,3,POINT (-480.6166872751588 5770.688394070507),654
1258,831.78,3,4,POINT (-1420.7869686231338 5982.023394905787),488
1259,927.38,3,4,POINT (-2914.3897607305553 5896.1668142706785),168
1260,760.07,3,1,POINT (-532.2489505367064 5202.508753265422),137
1261,912.94,4,4,POINT (-3375.994636611187 4809.663590611068),470
1262,912.94,4,1,POINT (-3401.8347864707885 4817.964611036156),470
1263,1508.62,4,2,POINT (-2004.8176912164604 4771.621672470582),484
1264,350.16,1,2,POINT (-713.3451653741274 6339.595899906177),77
1265,724.22,3,3,POINT (-1827.5889154431457 6213.014624731367),110
1266,948.97,2,3,POINT (-1490.5412378949272 5089.588539738686),758
1267,846.34,4,4,POINT (-574.8545408956802 6184.855099073229),898
1268,695.16,2,3,POINT (-3374.45498044692 5196.629217472029),611
1269,587.19,2,3,POINT (-501.2049745494901 6212.625748319062),264
1270,981.17,2,1,POINT (-966.5226135375581 5833.02660592215),620
1271,521.06,1,2,POINT (-702.3507124533027 6020.318112030914),978
1272,362.11,1,2,POINT (-1845.1054225181472 6223.628607476944),110
1273,521.06,1,4,POINT (-667.0948413013051 6006.316308944972),978
1274,965.66,4,2,POINT (-2239.328316946485 5863.511699319407),404
1275,393.18,1,4,POINT (-3375.994636611187 4809.663590611068),470
1276,724.22,3,4,POINT (-2426.29869133411 6222.441129147122),165
1277,1209.85,4,4,POINT (-737.6065836053002 6006.316308944972),978
1278,659.17,2,2,POINT (-3663.4136697448293 4812.3758241414525),873
1351,522.03,1,3,POINT (-4139.977518727581 7045.426047307839),545
1352,409.39,1,4,POINT (-3244.688142210003 7225.400418177696),92
1353,875.83,3,4,POINT (-4416.695042561156 4912.249954495939),748
1354,910.34,4,3,POINT (-4584.344494183642 7495.656932953663),465
1355,1277.77,4,1,POINT (-4052.8109206458794 5464.111535592655),896
1356,1010.93,4,1,POINT (-4233.998666983089 4988.096189001213),551
1357,1154.25,4,3,POINT (-4322.6246669923985 5063.426279452253),235
1358,853.44,3,1,POINT (-4201.0204402863965 4891.392283841669),668
1359,1357.96,4,4,POINT (-4083.8425838652183 5249.007590720792),139
1360,1061.22,4,2,POINT (-4578.55748909241 5015.54430776749),95
1361,768.11,2,1,POINT (-3538.2315355629644 7162.6002932874835),143
1362,1594.35,4,2,POINT (-3213.315014336511 6382.94802325138),178
1363,413.72,1,4,POINT (-3319.0105229119213 7516.249751634658),562
1364,1357.96,4,1,POINT (-4039.1732221562415 5249.007590720792),139
1365,853.44,3,2,POINT (-4586.097776446638 4815.025253428146),638
1366,426.72,1,2,POINT (-4201.0204402863965 4891.392283841669),668
1367,1039.72,3,1,POINT (-4202.027453902426 6880.234013901496),666
1368,569.68,1,3,POINT (-3693.1713080094414 7049.664931309948),768
1369,939.46,4,2,POINT (-4416.26497940234 7613.430462562937),848
1370,1005.12,4,2,POINT (-4227.517610997633 7439.645565640758),616
1371,1347.85,3,2,POINT (-3134.7739074608485 6298.465427429669),957
1372,1148.03,3,3,POINT (-3600.0497441287544 6558.026736796865),89
1373,1564.8,4,4,POINT (-3119.5457590521937 6279.856637380921),957
1374,472.21,1,3,POINT (-4240.854188191495 5326.456347742023),642
1375,957.85,2,4,POINT (-3821.5251684243713 6445.583704233178),390
1376,727.8,3,4,POINT (-4432.458431321647 4635.60733054454),362
1377,1564.8,4,1,POINT (-3119.5457590521937 6317.074217478417),957
1378,1311.59,4,3,POINT (-3769.266951831868 6643.9371493404715),948
1379,1135.03,3,4,POINT (-4079.8422350651927 5075.71588841395),79
1380,872.02,2,1,POINT (-3810.4546170358453 7158.25513746027),867
1381,1305.26,4,4,POINT (-3673.3867802192894 6943.7790026882485),778
1382,1044.95,4,2,POINT (-4491.422467817034 5049.405280376917),415
1383,992.34,4,2,POINT (-3313.834575184353 7410.998461783006),818
1384,1357.96,4,2,POINT (-3922.184935930726 5655.636275798803),300
1385,1143.69,3,1,POINT (-4062.5995169211433 5374.95778660315),829
1386,724.4,2,2,POINT (-4568.814577541565 5046.631478745841),95
1387,1305.26,4,4,POINT (-3653.2809292718393 6958.416817249572),778
1388,374.73,1,1,POINT (-4584.368731486514 7155.9069636684535),21
1389,652.3,2,1,POINT (-4500.973447034674 4816.8881400610535),247
1390,617.97,2,4,POINT (-4602.758597842296 7604.489701961552),11
1391,534.02,1,4,POINT (-4068.5739080513963 7040.187826447679),407
1392,992.34,4,1,POINT (-3313.834575184353 7323.2818465817845),818
1393,872.21,2,3,POINT (-4138.639971743418 5464.111535592655),896
1394,933.82,2,1,POINT (-3286.069076202844 6620.496821973378),815
1395,450.03,1,2,POINT (-4338.252772636635 7217.675876721237),528
1396,1403.23,4,2,POINT (-3842.923645886846 6429.993027987555),390
1397,573.34,2,2,POINT (-4588.788594815711 7076.2404077290485),288
1398,930.39,2,4,POINT (-3483.726309376247 6460.971645545169),184
1399,530.69,1,1,POINT (-3920.3785417346553 7113.806642306358),687
1400,1277.77,4,4,POINT (-4052.8109206458794 5505.969150083777),896
1401,534.02,1,2,POINT (-4002.8963568364775 7139.382337615582),407
1402,1035.16,3,1,POINT (-3787.2835058194933 7444.296955675183),38
1403,1277.77,4,4,POINT (-4160.0972345178025 5495.504746460996),896
1404,374.73,1,3,POINT (-4576.104565512134 7136.203574822169),21
1405,701.81,3,1,POINT (-4540.795251794218 6999.394029243442),316
1406,496.03,1,3,POINT (-3594.233653455765 7334.725144714689),1040
1407,437.92,1,2,POINT (-4416.695042561156 4977.450007835247),748
1408,1061.38,3,1,POINT (-3920.3785417346553 7163.711898319493),687
1409,435.38,1,3,POINT (-4292.475664341306 4902.454727302533),551
1410,909.76,3,4,POINT (-4242.735828860157 5081.3865615235845),667
1411,677.38,2,4,POINT (-3893.849676459249 7448.4341724081205),535
1412,824.84,4,2,POINT (-4463.741301356779 7068.071620530996),737
1413,992.34,4,2,POINT (-3323.451449057451 7432.927615583311),818
1414,768.11,2,3,POINT (-3581.037298689358 7172.023379646174),143
1415,694.08,2,4,POINT (-4499.445899819149 4977.450007835247),748
1416,440.99,1,4,POINT (-4434.422104212888 7428.9951763507015),468
1417,900.07,3,2,POINT (-4585.173062094722 4906.278483922188),191
1418,1081.34,4,2,POINT (-4115.283920203475 7351.021406601507),99
1419,479.13,1,3,POINT (-4208.9329983659945 5557.091112268996),186
1420,392.12,1,1,POINT (-4359.956232976078 4838.595589589593),897
1421,1087.37,3,3,POINT (-4129.130489432364 6960.034345846996),785
1422,951.46,3,4,POINT (-4255.048421588328 7164.441147048659),613
1423,547.26,1,4,POINT (-3467.256865457481 6696.251403134467),705
1424,1232.23,4,2,POINT (-4130.202984857153 6891.30453948321),565
1425,881.99,3,3,POINT (-4449.8840082154675 7416.02161258647),468
1426,749.47,3,3,POINT (-4584.368731486514 7155.9069636684535),21
1427,1277.77,4,4,POINT (-4074.268183420264 5516.433553706558),896
1428,829.72,3,3,POINT (-4507.177101861951 7503.549114210993),378
1429,749.5,2,2,POINT (-4233.8201965357175 7326.64230223635),127
1430,1094.51,3,2,POINT (-3377.2656655605465 6635.6901286041675),705
1431,802.77,2,1,POINT (-3998.5977761677677 6552.870791611558),501
1432,841.13,2,2,POINT (-4130.202984857153 6891.30453948321),565
1433,925.72,4,1,POINT (-4475.244076269436 5133.751002248975),883
1434,748.43,2,2,POINT (-4227.336286275546 5374.572809539084),642
1435,465.71,1,3,POINT (-4307.515858505396 6659.270436138345),310
1436,413.72,1,2,POINT (-3311.1496739275576 7541.831722834495),562
1437,1327.79,4,2,POINT (-4045.5529659403674 5399.110982880176),829
1438,631.9,2,1,POINT (-4500.939887921801 5116.566482675666),883
1439,491.7,1,2,POINT (-3997.0758684949005 7372.999529353406),970
1440,753.8,3,3,POINT (-4586.9431311742255 7246.7904683381175),911
1441,1112.5,4,3,POINT (-4191.794124594452 5617.599106368998),186
1442,1005.92,2,4,POINT (-3373.332985264014 6448.96019624757),283
1443,427.38,1,2,POINT (-3867.255165438025 7440.728021402516),535
1444,409.39,1,2,POINT (-3203.833411679996 7213.180296940709),92
1445,1023.95,4,4,POINT (-4434.422104212888 7428.9951763507015),468
1446,1012.99,3,1,POINT (-4057.692510296058 6573.4075152679825),501
1447,1074.38,3,2,POINT (-3802.489894851786 7281.266886020678),963
1448,710.48,3,2,POINT (-4427.797589566513 7054.325309150965),737
1449,694.08,2,1,POINT (-4520.133614133648 4895.949941161112),748
1450,589.18,1,2,POINT (-3267.9265412308396 6628.086768527013),815
1451,1056.19,4,4,POINT (-4258.580996603396 5064.105567084209),667
1452,1327.79,4,1,POINT (-4079.646067901919 5399.110982880176),829
1453,974.74,3,4,POINT (-3922.626876156967 7236.8015838257925),976
1454,426.72,1,4,POINT (-3393.061110989168 7157.163565368814),859
1455,969.24,3,2,POINT (-3495.4257724365707 7172.023379646174),143
1456,926.95,2,2,POINT (-3958.4276880307434 5655.636275798803),300
1457,1483.7,4,1,POINT (-3842.233268724438 5270.65499580854),624
1458,772.46,2,3,POINT (-3922.626876156967 7282.4185261867715),976
1459,389.9,1,3,POINT (-4583.825739742862 7612.940521286146),11
1460,1100.37,3,3,POINT (-3764.409378911013 7108.472593579752),867
1461,930.39,2,3,POINT (-3483.726309376247 6539.720903427784),184
1462,759.4,2,1,POINT (-4124.780262092645 5743.086391053597),376
1463,1061.38,3,4,POINT (-4130.202984857153 6891.30453948321),565
1464,444.61,1,3,POINT (-3399.6239274729933 7315.793402301746),346
1465,694.08,2,2,POINT (-4437.382756875654 4895.949941161112),748
1466,1086.37,4,3,POINT (-4395.678548619602 5061.710720749834),572
1467,1044.05,3,1,POINT (-4117.67459440478 7065.838655002575),545
1468,1277.99,3,1,POINT (-3868.7887302507797 5243.136529299663),624
1469,841.13,2,3,POINT (-4130.202984857153 6891.30453948321),565
1470,839.93,4,2,POINT (-4574.579557760531 7091.464803636176),288
1471,576.77,2,4,POINT (-4411.7126526365555 4644.449348411632),362
1472,440.99,1,1,POINT (-4449.8840082154675 7416.02161258647),468
1473,759.4,2,4,POINT (-4226.071872137537 5496.583118168994),186
1474,1171.87,4,3,POINT (-4225.765819325961 6654.484640435858),605
1475,723.47,3,3,POINT (-3250.453564031748 7818.903748934763),733
1476,994.22,3,1,POINT (-4304.84496030652 5054.285923041136),235
1477,900.07,3,2,POINT (-4471.613534604054 5032.934361558275),415
1478,432.88,1,3,POINT (-4349.886551736498 7507.586472900703),616
1479,990.81,4,1,POINT (-3368.163022869141 7165.251937314562),859
1480,900.07,3,3,POINT (-4511.231401030014 5065.876199195559),415
1481,398.69,1,3,POINT (-4449.548264617071 5116.566482675666),883
1482,1357.96,4,4,POINT (-4039.1732221562415 5294.618977445807),139
1483,567.51,1,4,POINT (-4236.870047051758 5179.71407381679),79
1484,374.73,1,4,POINT (-4576.104565512134 7136.203574822169),21
1485,398.69,1,4,POINT (-4449.548264617071 5150.9355218222845),883
1486,676.33,2,1,POINT (-4593.803238940883 4837.0293414946),638
1487,604.34,1,4,POINT (-3800.1266909618967 6429.993027987555),390
1488,1176.04,4,3,POINT (-3939.503042039478 6573.4075152679825),501
1489,661.87,2,2,POINT (-4193.842844934759 5815.668581309632),658
1490,772.46,2,2,POINT (-3875.1436726401644 7236.8015838257925),976
1491,1010.93,4,1,POINT (-4214.50633453035 4936.711311982004),551
1492,1212.11,4,2,POINT (-4117.67459440478 7025.013439613104),545
1493,944.41,3,3,POINT (-4167.108228026315 5289.4813671957),598
1494,530.69,1,2,POINT (-3867.6898916994483 7113.806642306358),687
1495,1174.02,3,3,POINT (-3493.808117611702 6480.658960015822),184
1496,361.74,1,2,POINT (-3307.201970027637 7807.902106279754),733
1497,720.96,2,1,POINT (-4242.735828860157 5081.3865615235845),667
1498,479.13,1,4,POINT (-4183.224687708681 5587.345109318997),186
1499,779.79,3,2,POINT (-4602.758597842296 7604.489701961552),11
1500,1112.5,4,4,POINT (-4175.242288185326 6545.9328594316685),57
1501,841.13,2,3,POINT (-3867.6898916994483 7163.711898319493),687
1502,802.77,2,2,POINT (-4028.1451432319127 6563.13915343977),501
1503,597.37,2,2,POINT (-4579.0797589232825 7267.629836792702),911
1504,1277.77,4,3,POINT (-4074.268183420264 5495.504746460996),896
1505,676.33,2,4,POINT (-4516.502623981289 7428.746803754581),84
1506,574.01,1,1,POINT (-3554.4323779079987 6558.026736796865),89
1507,944.41,3,4,POINT (-4227.336286275546 5278.339885944963),642
1508,530.69,1,4,POINT (-4228.134177787675 7056.028133578915),724
1509,1096.43,4,1,POINT (-4133.06096860814 5249.200826571999),598
1510,404.6,1,3,POINT (-4485.176712325218 7602.587584324485),848
1511,1100.37,3,2,POINT (-3764.409378911013 7158.25513746027),867
1512,1207.08,4,4,POINT (-4179.4862462488745 6818.961926396172),666
1513,933.82,2,2,POINT (-3286.069076202844 6620.496821973378),815
1514,587.01,1,3,POINT (-3473.6445011407923 6520.033588957131),184
1515,426.72,1,3,POINT (-3393.061110989168 7157.163565368814),859
1516,1139.36,3,1,POINT (-3693.1713080094414 7143.903444636746),768
1517,641.28,2,3,POINT (-4347.353246479461 7602.587584324485),848
1518,1362.99,4,3,POINT (-3453.4808846698825 6441.284331074515),184
1519,759.4,2,1,POINT (-4124.780262092645 5660.153645236451),376
1520,872.02,2,3,POINT (-3775.920688442221 7170.700773430399),867
1521,550.19,1,4,POINT (-3810.4546170358453 7158.25513746027),867
1522,1564.8,4,1,POINT (-3134.7739074608485 6298.465427429669),957
1523,854.76,3,4,POINT (-3284.983953565058 7301.352692781479),818
1524,772.46,2,2,POINT (-3875.1436726401644 7282.4185261867715),976
1525,945.76,3,1,POINT (-4233.8201965357175 7248.6155609285015),127
1526,939.46,4,3,POINT (-4347.353246479461 7624.273340801388),848
1527,1081.34,4,4,POINT (-4101.3436770590015 6461.50956241243),721
1528,772.46,2,4,POINT (-3863.2728717609634 7248.205819416037),976
1529,925.72,4,2,POINT (-4475.244076269436 5133.751002248975),883
1530,829.72,3,1,POINT (-4507.177101861951 7542.97976303824),378
1531,738.13,2,4,POINT (-4093.0097943044816 6481.1265029823135),721
1532,969.24,3,4,POINT (-3495.4257724365707 7153.177206928792),143
1533,1087.37,3,4,POINT (-4151.756519130573 6975.810493637413),785
1534,374.73,1,3,POINT (-4584.368731486514 7155.9069636684535),21
1535,1068.05,3,4,POINT (-4052.1545202476664 7015.389198655703),407
1536,935.75,3,2,POINT (-4409.8721566364475 5045.171378572817),572
1537,404.6,1,2,POINT (-4312.897380018021 7624.273340801388),848
1538,472.21,1,4,POINT (-4254.372090107446 5254.281655046432),642
1539,543.69,1,4,POINT (-4106.504459734156 6975.810493637413),785
1540,895.3,2,3,POINT (-3769.266951831868 6737.769624697127),948
1541,376.9,1,4,POINT (-4586.9431311742255 7246.7904683381175),911
1542,543.69,1,1,POINT (-4129.130489432364 6960.034345846996),785
1543,487.37,1,2,POINT (-3922.626876156967 7236.8015838257925),976
1544,854.76,3,4,POINT (-3323.451449057451 7389.069307982701),818
1545,589.18,1,2,POINT (-3267.9265412308396 6628.086768527013),815
1546,727.8,3,1,POINT (-4432.458431321647 4635.60733054454),362
1547,865.76,3,1,POINT (-4349.886551736498 7416.998596554109),616
1548,990.81,4,1,POINT (-3368.163022869141 7165.251937314562),859
1549,759.4,2,1,POINT (-4344.452303596164 6594.347107643116),57
1550,1174.02,3,2,POINT (-3433.3172681989727 6559.408217898438),184
1551,1009.4,3,4,POINT (-4174.165447974297 6654.484640435858),605
1552,881.99,3,3,POINT (-4434.422104212888 7428.9951763507015),468
1553,411.56,1,2,POINT (-4520.72445028796 4799.4732453708675),247
1554,661.87,2,2,POINT (-4256.478683484973 5801.734568216811),658
1555,749.47,3,3,POINT (-4576.104565512134 7136.203574822169),21
1556,673.92,1,2,POINT (-3119.5457590521937 6279.856637380921),957
1557,657.54,2,2,POINT (-4434.874589912966 7542.97976303824),378
1558,472.21,1,4,POINT (-4167.108228026315 5249.200826571999),598
1559,895.3,2,4,POINT (-3769.266951831868 6925.434575410439),948
1560,803.09,3,3,POINT (-3387.1360810753495 7420.454434171537),402
1561,584.84,1,4,POINT (-4095.0099242924625 5237.604744039539),139
1562,969.24,3,1,POINT (-3538.2315355629644 7162.6002932874835),143
1563,617.97,2,3,POINT (-4583.825739742862 7612.940521286146),11
1564,786.19,2,1,POINT (-3609.9478165908977 7352.163997449594),1040
1565,958.25,3,1,POINT (-4200.363561480223 5647.853103418999),186
1566,676.33,2,3,POINT (-4586.097776446638 4815.025253428146),638
1567,1035.16,3,3,POINT (-3765.991924163507 7453.379751992392),38
1568,1169.69,3,4,POINT (-4083.8425838652183 5249.007590720792),139
1569,786.19,2,4,POINT (-3578.519490320632 7317.286291979784),1040
1570,1270.69,4,3,POINT (-3467.256865457481 6635.6901286041675),705
1571,1148.03,3,2,POINT (-3600.0497441287544 6514.242848380338),89
1572,910.48,4,1,POINT (-4313.918749611201 4838.595589589593),897
1573,784.25,3,2,POINT (-4405.993716340956 4838.595589589593),897
1574,823.11,3,2,POINT (-4481.2224437813875 4834.3030347512395),247
1575,1031.05,4,4,POINT (-4014.983183275004 7422.81158954829),182
1576,872.21,2,2,POINT (-4160.0972345178025 5474.575939215436),896
1577,1368.02,4,3,POINT (-3286.069076202844 6620.496821973378),815
1578,398.69,1,3,POINT (-4500.939887921801 5116.566482675666),883
1579,574.01,1,4,POINT (-3554.4323779079987 6514.242848380338),89
1580,950.57,4,1,POINT (-3285.5428727400104 7237.620539414684),92
1581,724.4,2,3,POINT (-4588.300400643255 4984.4571367891385),95
1582,556.17,2,3,POINT (-4580.138686257654 7008.662374002434),316
1583,870.77,3,4,POINT (-4331.460329246782 5005.224481340949),551
1584,537.19,1,1,POINT (-3802.489894851786 7234.768026941383),963
1585,383.6,1,1,POINT (-3268.8986156548335 7641.3645045801995),513
1586,677.38,2,1,POINT (-3313.834575184353 7410.998461783006),818
1587,827.44,3,4,POINT (-3319.0105229119213 7516.249751634658),562
1588,676.33,2,3,POINT (-4201.0204402863965 4891.392283841669),668
1589,631.9,2,4,POINT (-4449.548264617071 5116.566482675666),883
1590,506.49,1,4,POINT (-4087.2398773602035 6583.675877096195),501
1591,600.8,2,4,POINT (-4503.988170041366 4735.108702736576),994
1592,1124.29,3,2,POINT (-3693.4926311667396 6958.416817249572),778
1593,411.56,1,3,POINT (-4481.2224437813875 4799.4732453708675),247
1594,519.86,1,2,POINT (-4190.75685007565 6788.32588264351),666
1595,1201.79,4,3,POINT (-4115.025055963963 6796.8447193486645),1005
1596,820.35,2,4,POINT (-3787.2835058194933 7444.296955675183),38
1597,713.29,2,1,POINT (-4360.129321835155 7227.9622308273465),528
1598,673.92,1,2,POINT (-3119.5457590521937 6317.074217478417),957
1599,580.2,2,1,POINT (-3324.5781138055304 7755.314857560063),226
1600,383.6,1,3,POINT (-3318.2481685138528 7641.3645045801995),513
1601,1473.64,4,2,POINT (-3393.8037222508806 6456.850123549659),283
1602,772.46,2,4,POINT (-3922.626876156967 7282.4185261867715),976
1603,1112.5,4,4,POINT (-4113.378496345067 5722.353204599311),376
1604,1032.35,4,2,POINT (-3491.2177486930696 7315.793402301746),346
1605,1044.95,4,4,POINT (-4491.422467817034 5049.405280376917),415
1606,820.35,2,3,POINT (-3765.991924163507 7453.379751992392),38
1607,686.1,2,4,POINT (-4349.886551736498 7552.880411073998),616
1608,703.8,2,4,POINT (-4124.442934465811 7422.81158954829),182
1609,435.38,1,2,POINT (-4214.50633453035 5005.224481340949),551
1610,530.69,1,3,POINT (-4130.202984857153 6891.30453948321),565
1611,935.75,3,3,POINT (-4395.678548619602 5061.710720749834),572
1612,465.71,1,3,POINT (-4115.283920203475 7302.650118466236),99
1613,634.66,1,2,POINT (-3373.332985264014 6448.96019624757),283
1614,875.13,4,2,POINT (-4579.0797589232825 7267.629836792702),911
1615,950.57,4,3,POINT (-3285.5428727400104 7213.180296940709),92
1616,839.93,4,4,POINT (-4588.788594815711 7076.2404077290485),288
1617,686.1,2,4,POINT (-4300.938975440952 7416.998596554109),616
1618,621.5,2,3,POINT (-4613.959919638699 5136.6586014369295),120
1619,881.99,3,1,POINT (-4449.8840082154675 7416.02161258647),468
1620,506.49,1,4,POINT (-3969.0504091036228 6563.13915343977),501
1621,657.54,2,3,POINT (-4434.874589912966 7503.549114210993),378
1622,1403.23,4,4,POINT (-3800.1266909618967 6461.1743804788),390
1623,738.13,2,1,POINT (-4161.3549714993205 7351.021406601507),99
1624,1010.93,4,1,POINT (-4214.50633453035 4970.967896661477),551
1625,784.12,3,4,POINT (-4584.344494183642 7365.069828118356),465
1626,900.07,3,3,POINT (-4471.613534604054 5032.934361558275),415
1627,759.4,2,4,POINT (-4136.182027840223 5680.886831690737),376
1628,1176.04,4,3,POINT (-3909.955674975333 6563.13915343977),501
1629,392.06,1,4,POINT (-4593.207025131936 7397.716604327183),465
1630,963.28,4,4,POINT (-4525.252729849197 7503.549114210993),378
1631,749.5,2,2,POINT (-4243.5046303855 7229.10887560154),127
1632,749.47,3,4,POINT (-4584.368731486514 7155.9069636684535),21
1633,472.21,1,2,POINT (-4227.336286275546 5302.398116843493),642
1634,844.95,4,1,POINT (-4411.7126526365555 4644.449348411632),362
1635,587.01,1,2,POINT (-3483.726309376247 6460.971645545169),184
1636,1100.37,3,1,POINT (-3764.409378911013 7108.472593579752),867
1637,677.38,2,2,POINT (-3313.834575184353 7323.2818465817845),818
1638,759.4,2,4,POINT (-4113.378496345067 5680.886831690737),376
1639,1081.34,4,3,POINT (-4337.9358436349885 6649.646648801221),310
1640,392.06,1,3,POINT (-4593.207025131936 7463.010156744836),465
1641,677.38,2,2,POINT (-3323.451449057451 7432.927615583311),818
1642,574.01,1,3,POINT (-3611.454085683943 6525.18882048447),89
1643,641.28,2,1,POINT (-4381.8091129409 7602.587584324485),848
1644,621.4,2,2,POINT (-4575.481963235348 7332.423051909529),465
1645,787.9,2,3,POINT (-4322.6246669923985 5063.426279452253),235
1646,1232.23,4,1,POINT (-4219.629175266111 7035.285723644132),724
1647,1270.69,4,4,POINT (-3354.767865586313 6620.549809971593),705
1648,992.34,4,4,POINT (-3867.255165438025 7456.140323413725),535
1649,969.63,4,2,POINT (-4131.207006384545 5829.602594402453),658
1650,905.31,4,3,POINT (-4602.758597842296 7604.489701961552),11
1651,1061.22,4,4,POINT (-4578.55748909241 5015.54430776749),95
1652,713.29,2,2,POINT (-4511.231401030014 5065.876199195559),415
1653,1124.29,3,3,POINT (-3653.2809292718393 6929.141188126925),778
1654,1081.34,4,4,POINT (-4277.095873375803 6649.646648801221),310
1655,1207.08,4,4,POINT (-4168.215642422099 6788.32588264351),666
1656,824.84,4,1,POINT (-4499.6850131470455 7081.817931911028),737
1657,676.33,2,2,POINT (-3393.061110989168 7157.163565368814),859
1658,1277.99,3,3,POINT (-3815.677807198096 5298.173462317416),624
1659,758.13,3,3,POINT (-4431.323604919651 4695.8403940366825),994
1660,870.77,3,3,POINT (-4292.475664341306 5005.224481340949),551
1661,567.51,1,3,POINT (-4048.4366726678795 5179.71407381679),79
1662,517.58,1,4,POINT (-4124.47996625509 6772.24476774538),1005
1663,1112.5,4,1,POINT (-4183.224687708681 5647.853103418999),186
1664,621.4,2,1,POINT (-4575.481963235348 7528.30370916249),465
1665,994.22,3,3,POINT (-4304.84496030652 5054.285923041136),235
1666,839.93,4,4,POINT (-3193.7051580358593 7829.905391589771),733
1667,732.14,3,2,POINT (-3266.5793492043804 7755.314857560063),226
1668,1081.34,4,2,POINT (-4307.515858505396 6659.270436138345),310
1669,560.58,1,3,POINT (-3842.081144512526 7032.056092889358),568
1670,839.93,4,3,POINT (-4574.579557760531 7091.464803636176),288
1671,1023.95,4,4,POINT (-4434.422104212888 7428.9951763507015),468
1672,841.13,2,4,POINT (-4228.134177787675 7056.028133578915),724
1673,1124.29,3,4,POINT (-3673.3867802192894 6943.7790026882485),778
1674,853.44,3,3,POINT (-4593.803238940883 4837.0293414946),638
1675,383.6,1,3,POINT (-4584.719945687293 4739.946539702664),913
1676,1032.35,4,3,POINT (-3514.1162039980886 7296.715028196336),346
1677,738.13,2,4,POINT (-4161.3549714993205 7302.650118466236),99
1678,530.69,1,3,POINT (-4130.202984857153 6891.30453948321),565
1679,784.12,3,3,POINT (-4593.207025131936 7528.30370916249),465
1680,1068.05,3,4,POINT (-3986.4769690327475 7015.389198655703),407
1681,935.75,3,2,POINT (-4409.8721566364475 5045.171378572817),572
1682,787.9,2,3,POINT (-4322.6246669923985 5063.426279452253),235
1683,491.7,1,4,POINT (-3832.6372492870696 7372.999529353406),970
1684,902.92,2,1,POINT (-3703.2483321320997 7026.105302978248),768
1685,829.72,3,1,POINT (-4416.7989619257205 7503.549114210993),378
1686,1129.74,3,4,POINT (-3769.266951831868 6831.602100053783),948
1687,872.02,2,3,POINT (-3764.409378911013 7158.25513746027),867
1688,872.02,2,1,POINT (-3775.920688442221 7170.700773430399),867
1689,1357.96,4,4,POINT (-4039.1732221562415 5249.007590720792),139
1690,607.99,2,3,POINT (-3318.2481685138528 7599.189716477424),513
1691,676.33,2,1,POINT (-4586.097776446638 4815.025253428146),638
1692,748.43,2,2,POINT (-4133.06096860814 5289.4813671957),598
1693,537.19,1,4,POINT (-3762.4923320077446 7234.768026941383),963
1694,957.85,2,3,POINT (-3821.5251684243713 6445.583704233178),390
1695,990.81,4,4,POINT (-4593.803238940883 4837.0293414946),638
1696,676.33,2,3,POINT (-4201.0204402863965 4891.392283841669),668
1697,1068.15,2,3,POINT (-3134.7739074608485 6298.465427429669),957
1698,900.07,3,2,POINT (-4338.252772636635 7217.675876721237),528
1699,890.69,4,3,POINT (-4584.719945687293 4697.617539507538),913
1700,767.2,3,3,POINT (-4616.8276422669405 4697.617539507538),913
1701,1098,4,1,POINT (-4243.5046303855 7307.135616909387),127
1702,1277.99,3,2,POINT (-3868.7887302507797 5408.24732835292),624
1703,759.4,2,4,POINT (-4136.182027840223 5639.420458782164),376
1704,1061.22,4,1,POINT (-4568.814577541565 5046.631478745841),95
1705,935.75,3,1,POINT (-4395.678548619602 5061.710720749834),572
1706,427.38,1,3,POINT (-3284.983953565058 7301.352692781479),818
1707,992.34,4,2,POINT (-3323.451449057451 7389.069307982701),818
1708,1068.15,2,3,POINT (-3119.5457590521937 6279.856637380921),957
1709,1061.38,3,4,POINT (-3907.2063792258537 7176.188212322777),687
1710,861.72,2,3,POINT (-4151.756519130573 6975.810493637413),785
1711,686.65,1,2,POINT (-3225.8933312424388 6396.09664632048),178
1712,676.33,2,2,POINT (-3368.163022869141 7165.251937314562),859
1713,465.71,1,1,POINT (-4126.8016830274355 7363.114228635324),99
1714,802.77,2,2,POINT (-3998.5977761677677 6552.870791611558),501
1715,1171.87,4,4,POINT (-4120.2260407589465 7165.112134498323),321
1716,910.48,4,1,POINT (-4571.994688820043 5103.992269992135),120
1717,1074.38,3,2,POINT (-3762.4923320077446 7281.266886020678),963
1718,861.72,2,2,POINT (-4106.504459734156 6975.810493637413),785
1719,484.62,1,2,POINT (-3581.037298689358 7172.023379646174),143
1720,1039.72,3,3,POINT (-4190.75685007565 6849.597970148834),666
1721,944.41,3,1,POINT (-4167.108228026315 5289.4813671957),598
1722,376.9,1,3,POINT (-4586.9431311742255 7246.7904683381175),911
1723,720.96,2,1,POINT (-4258.580996603396 5064.105567084209),667
1724,457.04,1,3,POINT (-4588.300400643255 4984.4571367891385),95
1725,676.33,2,3,POINT (-3393.061110989168 7157.163565368814),859
1726,1473.64,4,1,POINT (-3393.8037222508806 6456.850123549659),283
1727,809.2,3,1,POINT (-4312.897380018021 7602.587584324485),848
1728,1317.73,4,3,POINT (-4048.4366726678795 5138.114799655654),79
1729,703.8,2,4,POINT (-4097.077996668109 7409.520667070145),182
1730,1104.62,4,2,POINT (-4334.244917025952 7164.441147048659),613
1731,890.69,4,1,POINT (-3330.5855567286076 7588.646019451729),513
1732,703.8,2,3,POINT (-4151.807872263513 7409.520667070145),182
1733,607.99,2,3,POINT (-4584.719945687293 4739.946539702664),913